idx,main_sequence_star,red_giant,white_dwarf,galaxy,quasar,exoplanet_candidate
16,1,0,0,0,0,0
23,1,0,0,0,0,0
26,0,1,0,0,0,0
28,0,0,0,1,0,0
60,0,0,0,0,1,0
74,0,1,0,0,0,0
78,1,0,0,0,0,0
79,0,1,0,0,0,0
81,0,1,0,0,0,0
83,1,0,0,0,0,0
89,1,0,0,0,0,0
97,1,0,0,0,0,0
106,0,0,1,0,0,0
109,0,0,1,0,0,0
110,0,0,1,0,0,0
127,0,0,0,0,0,1
139,0,1,0,0,0,0
146,0,0,0,0,1,0
151,0,1,0,0,0,0
159,1,0,0,0,0,0
173,1,0,0,0,0,0
201,0,0,0,1,0,0
209,0,0,1,0,0,0
221,1,0,0,0,0,0
229,1,0,0,0,0,0
243,0,1,0,0,0,0
245,0,0,1,0,0,0
254,0,0,0,0,1,0
266,1,0,0,0,0,0
268,0,1,0,0,0,0
280,0,0,1,0,0,0
317,0,1,0,0,0,0
323,1,0,0,0,0,0
325,1,0,0,0,0,0
330,1,0,0,0,0,0
341,0,0,1,0,0,0
342,1,0,0,0,0,0
358,0,1,0,0,0,0
367,1,0,0,0,0,0
386,1,0,0,0,0,0
388,0,0,0,0,0,1
389,1,0,0,0,0,0
391,0,0,1,0,0,0
414,1,0,0,0,0,0
421,1,0,0,0,0,0
430,0,1,0,0,0,0
445,1,0,0,0,0,0
448,0,1,0,0,0,0
461,0,0,1,0,0,0
464,1,0,0,0,0,0
500,1,0,0,0,0,0
503,1,0,0,0,0,0
507,0,1,0,0,0,0
512,1,0,0,0,0,0
525,0,0,0,0,1,0
527,0,0,1,0,0,0
532,0,1,0,0,0,0
534,0,1,0,0,0,0
537,0,0,0,1,0,0
556,1,0,0,0,0,0
578,0,0,0,0,0,1
579,1,0,0,0,0,0
592,0,1,0,0,0,0
595,1,0,0,0,0,0
602,1,0,0,0,0,0
630,1,0,0,0,0,0
657,0,0,0,0,1,0
660,0,1,0,0,0,0
667,0,1,0,0,0,0
668,1,0,0,0,0,0
670,0,1,0,0,0,0
698,1,0,0,0,0,0
700,1,0,0,0,0,0
709,1,0,0,0,0,0
710,0,0,0,1,0,0
725,0,1,0,0,0,0
726,1,0,0,0,0,0
743,1,0,0,0,0,0
744,1,0,0,0,0,0
751,1,0,0,0,0,0
753,1,0,0,0,0,0
758,0,1,0,0,0,0
778,0,0,0,0,0,1
786,1,0,0,0,0,0
829,1,0,0,0,0,0
860,0,1,0,0,0,0
879,0,0,0,1,0,0
885,0,1,0,0,0,0
902,0,1,0,0,0,0
925,0,0,1,0,0,0
933,0,1,0,0,0,0
945,0,0,0,1,0,0
948,0,0,0,0,1,0
958,0,0,0,1,0,0
980,0,1,0,0,0,0
995,1,0,0,0,0,0
1003,0,1,0,0,0,0
1028,0,1,0,0,0,0
1043,1,0,0,0,0,0
1052,1,0,0,0,0,0
1082,0,0,1,0,0,0
1083,0,0,0,0,0,1
1085,1,0,0,0,0,0
1093,0,0,0,1,0,0
1109,1,0,0,0,0,0
1111,0,1,0,0,0,0
1115,0,0,0,1,0,0
1117,1,0,0,0,0,0
1119,1,0,0,0,0,0
1121,0,1,0,0,0,0
1150,0,1,0,0,0,0
1192,1,0,0,0,0,0
1213,0,0,1,0,0,0
1216,0,1,0,0,0,0
1222,1,0,0,0,0,0
1235,1,0,0,0,0,0
1239,0,0,0,0,1,0
1265,1,0,0,0,0,0
1277,1,0,0,0,0,0
1279,1,0,0,0,0,0
1305,0,0,1,0,0,0
1306,0,1,0,0,0,0
1339,0,0,0,1,0,0
1348,1,0,0,0,0,0
1362,0,0,0,1,0,0
1367,0,1,0,0,0,0
1370,1,0,0,0,0,0
1373,0,1,0,0,0,0
1374,0,1,0,0,0,0
1390,0,0,0,1,0,0
1400,0,0,0,0,1,0
1404,0,0,0,1,0,0
1408,1,0,0,0,0,0
1415,1,0,0,0,0,0
1417,1,0,0,0,0,0
1418,0,1,0,0,0,0
1421,1,0,0,0,0,0
1428,1,0,0,0,0,0
1431,1,0,0,0,0,0
1453,1,0,0,0,0,0
1471,1,0,0,0,0,0
1475,0,1,0,0,0,0
1484,0,0,1,0,0,0
1493,0,0,1,0,0,0
1495,0,0,1,0,0,0
1499,0,1,0,0,0,0
1534,0,0,0,1,0,0
1535,0,0,0,1,0,0
1536,0,0,1,0,0,0
1537,0,0,1,0,0,0
1542,1,0,0,0,0,0
1559,0,0,0,0,1,0
1564,1,0,0,0,0,0
1583,0,0,1,0,0,0
1591,1,0,0,0,0,0
1598,0,0,0,0,1,0
1606,0,0,0,1,0,0
1607,1,0,0,0,0,0
1610,0,0,0,1,0,0
1615,0,0,0,0,1,0
1623,0,1,0,0,0,0
1628,0,0,0,0,1,0
1652,1,0,0,0,0,0
1654,1,0,0,0,0,0
1662,0,0,0,0,1,0
1666,0,0,0,0,0,1
1688,1,0,0,0,0,0
1693,1,0,0,0,0,0
1700,0,1,0,0,0,0
1702,1,0,0,0,0,0
1709,1,0,0,0,0,0
1716,0,1,0,0,0,0
1749,0,1,0,0,0,0
1752,1,0,0,0,0,0
1775,1,0,0,0,0,0
1812,1,0,0,0,0,0
1817,0,0,0,0,1,0
1827,0,0,0,0,1,0
1856,1,0,0,0,0,0
1859,0,1,0,0,0,0
1860,0,0,1,0,0,0
1866,0,0,1,0,0,0
1869,0,0,0,0,1,0
1870,0,0,0,0,1,0
1876,1,0,0,0,0,0
1893,1,0,0,0,0,0
1941,0,0,1,0,0,0
1949,0,0,0,1,0,0
1952,1,0,0,0,0,0
1955,0,0,1,0,0,0
1957,0,0,0,1,0,0
1964,1,0,0,0,0,0
1986,0,0,0,1,0,0
2000,0,0,1,0,0,0
2001,0,0,0,1,0,0
2016,0,1,0,0,0,0
2025,0,1,0,0,0,0
2039,1,0,0,0,0,0
2053,0,0,0,1,0,0
2061,1,0,0,0,0,0
2062,0,0,1,0,0,0
2065,1,0,0,0,0,0
2066,0,0,0,0,1,0
2067,0,0,0,0,1,0
2094,0,0,0,1,0,0
2122,0,0,0,1,0,0
2139,0,0,1,0,0,0
2149,1,0,0,0,0,0
2154,0,0,0,0,0,1
2186,0,1,0,0,0,0
2191,0,0,0,0,0,1
2212,0,1,0,0,0,0
2213,0,1,0,0,0,0
2220,1,0,0,0,0,0
2226,1,0,0,0,0,0
2229,0,1,0,0,0,0
2230,0,0,1,0,0,0
2247,0,1,0,0,0,0
2254,1,0,0,0,0,0
2263,0,1,0,0,0,0
2264,1,0,0,0,0,0
2266,0,1,0,0,0,0
2270,0,0,0,1,0,0
2279,0,0,1,0,0,0
2281,0,1,0,0,0,0
2290,0,1,0,0,0,0
2304,0,0,0,1,0,0
2312,0,1,0,0,0,0
2324,0,0,1,0,0,0
2349,1,0,0,0,0,0
2362,1,0,0,0,0,0
2379,1,0,0,0,0,0
2388,0,0,1,0,0,0
2391,0,0,0,0,0,1
2400,0,0,0,1,0,0
2404,1,0,0,0,0,0
2407,1,0,0,0,0,0
2409,1,0,0,0,0,0
2421,1,0,0,0,0,0
2438,0,0,1,0,0,0
2451,0,1,0,0,0,0
2457,1,0,0,0,0,0
2468,1,0,0,0,0,0
2472,1,0,0,0,0,0
2481,1,0,0,0,0,0
2484,1,0,0,0,0,0
2488,0,0,0,0,1,0
2502,1,0,0,0,0,0
2508,0,0,0,1,0,0
2514,1,0,0,0,0,0
2525,1,0,0,0,0,0
2527,0,1,0,0,0,0
2535,1,0,0,0,0,0
2567,1,0,0,0,0,0
2569,0,1,0,0,0,0
2620,0,1,0,0,0,0
2624,0,0,0,1,0,0
2627,0,1,0,0,0,0
2634,1,0,0,0,0,0
2644,1,0,0,0,0,0
2657,1,0,0,0,0,0
2688,0,0,0,0,0,1
2691,0,0,0,1,0,0
2713,0,0,0,0,0,1
2717,0,0,1,0,0,0
2720,0,0,1,0,0,0
2728,1,0,0,0,0,0
2729,0,1,0,0,0,0
2742,1,0,0,0,0,0
2751,0,0,0,0,1,0
2753,0,1,0,0,0,0
2767,1,0,0,0,0,0
2786,0,0,0,0,0,1
2791,0,0,1,0,0,0
2807,0,1,0,0,0,0
2808,1,0,0,0,0,0
2809,1,0,0,0,0,0
2814,0,1,0,0,0,0
2815,0,1,0,0,0,0
2844,0,0,1,0,0,0
2845,0,0,0,1,0,0
2858,0,0,1,0,0,0
2864,1,0,0,0,0,0
2865,0,0,1,0,0,0
2871,1,0,0,0,0,0
2907,0,1,0,0,0,0
2920,0,1,0,0,0,0
2922,1,0,0,0,0,0
2926,1,0,0,0,0,0
2928,1,0,0,0,0,0
2939,1,0,0,0,0,0
2942,1,0,0,0,0,0
2949,0,0,0,0,0,1
2956,1,0,0,0,0,0
2966,0,0,0,0,1,0
2970,1,0,0,0,0,0
2985,0,0,0,0,1,0
2987,0,0,0,1,0,0
2994,1,0,0,0,0,0
3014,1,0,0,0,0,0
3031,1,0,0,0,0,0
3034,0,1,0,0,0,0
3047,0,0,0,1,0,0
3048,0,0,0,0,1,0
3057,0,0,0,1,0,0
3063,0,1,0,0,0,0
3066,1,0,0,0,0,0
3077,1,0,0,0,0,0
3084,1,0,0,0,0,0
3094,0,0,0,1,0,0
3103,0,1,0,0,0,0
3117,1,0,0,0,0,0
3135,1,0,0,0,0,0
3138,0,0,0,0,0,1
3140,0,0,1,0,0,0
3143,0,1,0,0,0,0
3150,1,0,0,0,0,0
3157,0,0,0,0,0,1
3159,1,0,0,0,0,0
3181,1,0,0,0,0,0
3198,0,1,0,0,0,0
3208,0,1,0,0,0,0
3217,1,0,0,0,0,0
3231,0,1,0,0,0,0
3236,1,0,0,0,0,0
3248,0,0,1,0,0,0
3252,0,0,0,1,0,0
3270,0,1,0,0,0,0
3281,1,0,0,0,0,0
3289,0,0,0,1,0,0
3303,0,0,0,0,1,0
3312,0,1,0,0,0,0
3317,0,1,0,0,0,0
3318,1,0,0,0,0,0
3335,0,0,0,0,0,1
3342,1,0,0,0,0,0
3345,1,0,0,0,0,0
3346,0,0,1,0,0,0
3348,0,1,0,0,0,0
3354,0,0,0,1,0,0
3362,0,0,0,1,0,0
3363,1,0,0,0,0,0
3369,0,0,0,0,0,1
3402,1,0,0,0,0,0
3420,1,0,0,0,0,0
3424,0,1,0,0,0,0
3432,1,0,0,0,0,0
3433,0,0,0,0,1,0
3435,0,0,0,0,1,0
3436,0,1,0,0,0,0
3445,0,0,0,1,0,0
3457,1,0,0,0,0,0
3459,0,0,0,0,1,0
3508,1,0,0,0,0,0
3523,1,0,0,0,0,0
3526,0,1,0,0,0,0
3533,0,0,1,0,0,0
3541,1,0,0,0,0,0
3553,0,1,0,0,0,0
3570,1,0,0,0,0,0
3578,1,0,0,0,0,0
3588,1,0,0,0,0,0
3595,1,0,0,0,0,0
3610,1,0,0,0,0,0
3623,0,0,0,1,0,0
3642,1,0,0,0,0,0
3659,0,1,0,0,0,0
3667,0,0,0,1,0,0
3668,0,1,0,0,0,0
3682,0,0,1,0,0,0
3692,0,1,0,0,0,0
3704,0,1,0,0,0,0
3713,0,1,0,0,0,0
3719,0,0,1,0,0,0
3757,1,0,0,0,0,0
3758,1,0,0,0,0,0
3773,1,0,0,0,0,0
3774,0,0,1,0,0,0
3779,0,1,0,0,0,0
3787,0,1,0,0,0,0
3840,0,0,1,0,0,0
3841,1,0,0,0,0,0
3855,0,1,0,0,0,0
3856,1,0,0,0,0,0
3873,1,0,0,0,0,0
3901,0,1,0,0,0,0
3927,0,1,0,0,0,0
3930,0,1,0,0,0,0
3939,0,0,1,0,0,0
3942,0,0,1,0,0,0
3959,0,0,0,1,0,0
3963,0,0,0,0,1,0
3964,0,0,0,1,0,0
3969,0,0,0,0,1,0
3988,1,0,0,0,0,0
3996,1,0,0,0,0,0
3999,0,1,0,0,0,0
4001,0,0,0,0,0,1
4002,1,0,0,0,0,0
4013,1,0,0,0,0,0
4019,0,0,1,0,0,0
4021,0,0,0,0,1,0
4027,0,0,0,0,1,0
4044,1,0,0,0,0,0
4046,1,0,0,0,0,0
4062,1,0,0,0,0,0
4088,1,0,0,0,0,0
4094,1,0,0,0,0,0
4099,0,0,0,0,0,1
4109,1,0,0,0,0,0
4159,0,1,0,0,0,0
4160,0,0,0,1,0,0
4167,0,1,0,0,0,0
4181,0,1,0,0,0,0
4201,1,0,0,0,0,0
4217,1,0,0,0,0,0
4220,1,0,0,0,0,0
4228,0,0,0,1,0,0
4230,1,0,0,0,0,0
4231,0,1,0,0,0,0
4240,1,0,0,0,0,0
4246,1,0,0,0,0,0
4261,1,0,0,0,0,0
4306,0,0,1,0,0,0
4319,1,0,0,0,0,0
4327,1,0,0,0,0,0
4337,1,0,0,0,0,0
4339,1,0,0,0,0,0
4359,1,0,0,0,0,0
4369,0,0,0,0,1,0
4382,1,0,0,0,0,0
4383,0,0,0,1,0,0
4390,0,1,0,0,0,0
4396,0,1,0,0,0,0
4401,1,0,0,0,0,0
4403,1,0,0,0,0,0
4405,0,1,0,0,0,0
4408,1,0,0,0,0,0
4409,0,0,1,0,0,0
4416,0,1,0,0,0,0
4418,0,1,0,0,0,0
4427,0,1,0,0,0,0
4428,1,0,0,0,0,0
4435,0,0,0,0,1,0
4442,0,0,1,0,0,0
4471,1,0,0,0,0,0
4481,1,0,0,0,0,0
4495,0,0,1,0,0,0
4498,1,0,0,0,0,0
4499,0,0,1,0,0,0
4500,1,0,0,0,0,0
4513,0,1,0,0,0,0
4523,0,1,0,0,0,0
4527,0,1,0,0,0,0
4548,0,0,0,1,0,0
4557,1,0,0,0,0,0
4560,0,0,1,0,0,0
4572,1,0,0,0,0,0
4585,0,0,0,1,0,0
4604,1,0,0,0,0,0
4609,1,0,0,0,0,0
4617,1,0,0,0,0,0
4620,0,1,0,0,0,0
4632,1,0,0,0,0,0
4646,1,0,0,0,0,0
4653,0,1,0,0,0,0
4657,0,0,0,0,0,1
4658,0,0,0,1,0,0
4670,0,0,1,0,0,0
4673,0,0,0,0,1,0
4693,0,0,0,1,0,0
4699,0,1,0,0,0,0
4718,0,1,0,0,0,0
4735,0,0,0,0,1,0
4740,0,0,0,0,1,0
4746,1,0,0,0,0,0
4767,0,0,0,1,0,0
4790,0,0,0,1,0,0
4791,0,0,1,0,0,0
4794,1,0,0,0,0,0
4795,0,0,0,1,0,0
4800,1,0,0,0,0,0
4803,0,0,0,1,0,0
4812,0,0,0,1,0,0
4814,1,0,0,0,0,0
4824,1,0,0,0,0,0
4853,0,1,0,0,0,0
4860,1,0,0,0,0,0
4863,1,0,0,0,0,0
4886,1,0,0,0,0,0
4892,0,1,0,0,0,0
4895,0,1,0,0,0,0
4906,0,0,0,0,1,0
4913,0,0,0,0,1,0
4918,0,0,1,0,0,0
4928,1,0,0,0,0,0
4979,0,1,0,0,0,0
4992,1,0,0,0,0,0
4994,1,0,0,0,0,0
5005,1,0,0,0,0,0
5011,1,0,0,0,0,0
5033,0,1,0,0,0,0
5035,1,0,0,0,0,0
5062,0,0,1,0,0,0
5084,0,0,0,1,0,0
5114,0,0,0,0,1,0
5124,1,0,0,0,0,0
5151,0,1,0,0,0,0
5153,1,0,0,0,0,0
5157,1,0,0,0,0,0
5181,1,0,0,0,0,0
5182,0,1,0,0,0,0
5186,0,1,0,0,0,0
5195,0,0,0,1,0,0
5202,0,0,1,0,0,0
5206,1,0,0,0,0,0
5211,0,0,1,0,0,0
5214,0,0,0,0,1,0
5231,1,0,0,0,0,0
5252,0,0,0,1,0,0
5262,0,1,0,0,0,0
5299,1,0,0,0,0,0
5306,0,0,0,1,0,0
5308,0,0,1,0,0,0
5322,1,0,0,0,0,0
5335,0,1,0,0,0,0
5341,0,1,0,0,0,0
5351,1,0,0,0,0,0
5364,0,0,0,1,0,0
5384,1,0,0,0,0,0
5385,1,0,0,0,0,0
5412,0,0,0,0,0,1
5427,1,0,0,0,0,0
5449,1,0,0,0,0,0
5456,0,0,1,0,0,0
5458,0,0,0,1,0,0
5460,0,0,1,0,0,0
5486,1,0,0,0,0,0
5491,1,0,0,0,0,0
5493,0,0,0,1,0,0
5529,0,0,1,0,0,0
5538,0,0,0,0,1,0
5546,0,0,1,0,0,0
5549,0,0,1,0,0,0
5562,1,0,0,0,0,0
5566,0,1,0,0,0,0
5570,0,0,1,0,0,0
5576,1,0,0,0,0,0
5578,0,0,1,0,0,0
5597,0,1,0,0,0,0
5604,1,0,0,0,0,0
5606,0,0,0,0,1,0
5609,0,1,0,0,0,0
5614,0,1,0,0,0,0
5615,0,0,1,0,0,0
5616,0,0,0,1,0,0
5623,0,0,0,0,1,0
5625,0,1,0,0,0,0
5627,0,1,0,0,0,0
5635,1,0,0,0,0,0
5696,1,0,0,0,0,0
5709,1,0,0,0,0,0
5713,0,0,0,1,0,0
5725,0,1,0,0,0,0
5732,0,0,0,1,0,0
5737,0,0,0,0,1,0
5755,1,0,0,0,0,0
5763,0,1,0,0,0,0
5774,0,0,1,0,0,0
5827,1,0,0,0,0,0
5830,0,1,0,0,0,0
5840,0,1,0,0,0,0
5882,1,0,0,0,0,0
5900,1,0,0,0,0,0
5933,0,1,0,0,0,0
5935,1,0,0,0,0,0
5951,0,0,1,0,0,0
5953,0,1,0,0,0,0
5965,0,0,1,0,0,0
5968,1,0,0,0,0,0
5974,0,0,1,0,0,0
5980,0,1,0,0,0,0
5998,0,0,0,0,1,0
6001,0,0,0,0,0,1
6003,1,0,0,0,0,0
6039,0,0,0,1,0,0
6043,0,1,0,0,0,0
6045,0,0,0,0,1,0
6047,0,1,0,0,0,0
6049,0,0,0,0,1,0
6053,0,0,0,0,0,1
6058,1,0,0,0,0,0
6117,0,1,0,0,0,0
6122,0,1,0,0,0,0
6129,0,0,0,0,0,1
6143,1,0,0,0,0,0
6147,0,0,0,1,0,0
6169,1,0,0,0,0,0
6195,0,1,0,0,0,0
6197,0,1,0,0,0,0
6204,0,0,0,1,0,0
6205,0,1,0,0,0,0
6216,1,0,0,0,0,0
6243,1,0,0,0,0,0
6245,0,0,0,1,0,0
6249,1,0,0,0,0,0
6264,0,1,0,0,0,0
6275,1,0,0,0,0,0
6285,0,1,0,0,0,0
6287,0,0,0,0,1,0
6293,1,0,0,0,0,0
6325,1,0,0,0,0,0
6337,0,0,0,0,1,0
6339,0,0,0,1,0,0
6346,0,1,0,0,0,0
6349,1,0,0,0,0,0
6351,1,0,0,0,0,0
6360,0,0,0,1,0,0
6370,0,0,1,0,0,0
6379,1,0,0,0,0,0
6380,1,0,0,0,0,0
6391,1,0,0,0,0,0
6407,1,0,0,0,0,0
6418,0,1,0,0,0,0
6439,0,0,0,0,1,0
6440,1,0,0,0,0,0
6444,1,0,0,0,0,0
6449,0,0,1,0,0,0
6450,1,0,0,0,0,0
6451,1,0,0,0,0,0
6460,1,0,0,0,0,0
6465,0,0,0,0,1,0
6480,0,0,1,0,0,0
6482,0,0,0,1,0,0
6493,0,0,1,0,0,0
6505,0,1,0,0,0,0
6508,0,1,0,0,0,0
6510,0,0,0,0,0,1
6531,0,1,0,0,0,0
6536,1,0,0,0,0,0
6549,0,1,0,0,0,0
6557,1,0,0,0,0,0
6616,0,1,0,0,0,0
6619,0,0,1,0,0,0
6629,0,1,0,0,0,0
6632,0,0,1,0,0,0
6643,1,0,0,0,0,0
6648,1,0,0,0,0,0
6654,1,0,0,0,0,0
6683,1,0,0,0,0,0
6685,1,0,0,0,0,0
6725,1,0,0,0,0,0
6731,0,0,1,0,0,0
6733,1,0,0,0,0,0
6737,0,1,0,0,0,0
6749,0,1,0,0,0,0
6758,0,0,0,1,0,0
6788,1,0,0,0,0,0
6791,0,1,0,0,0,0
6801,1,0,0,0,0,0
6805,0,0,1,0,0,0
6827,1,0,0,0,0,0
6829,0,0,1,0,0,0
6838,1,0,0,0,0,0
6849,0,0,0,1,0,0
6853,1,0,0,0,0,0
6858,1,0,0,0,0,0
6864,1,0,0,0,0,0
6867,1,0,0,0,0,0
6870,0,0,1,0,0,0
6882,0,0,0,1,0,0
6883,1,0,0,0,0,0
6894,0,1,0,0,0,0
6908,1,0,0,0,0,0
6909,1,0,0,0,0,0
6916,1,0,0,0,0,0
6939,0,1,0,0,0,0
6950,1,0,0,0,0,0
6958,0,0,1,0,0,0
6976,0,0,0,0,1,0
6994,1,0,0,0,0,0
7007,0,1,0,0,0,0
7023,0,1,0,0,0,0
7026,0,0,0,0,1,0
7027,0,1,0,0,0,0
7033,0,1,0,0,0,0
7036,1,0,0,0,0,0
7040,0,0,0,0,1,0
7082,0,0,0,0,0,1
7085,0,1,0,0,0,0
7096,0,0,0,0,1,0
7098,0,0,0,1,0,0
7105,1,0,0,0,0,0
7112,1,0,0,0,0,0
7122,1,0,0,0,0,0
7150,1,0,0,0,0,0
7154,1,0,0,0,0,0
7162,1,0,0,0,0,0
7170,0,0,0,1,0,0
7174,0,0,0,0,1,0
7182,0,1,0,0,0,0
7204,0,0,0,0,0,1
7222,1,0,0,0,0,0
7225,1,0,0,0,0,0
7242,1,0,0,0,0,0
7253,1,0,0,0,0,0
7278,0,0,0,1,0,0
7283,0,0,0,0,1,0
7289,0,1,0,0,0,0
7293,1,0,0,0,0,0
7307,1,0,0,0,0,0
7336,0,0,0,0,0,1
7349,0,0,0,1,0,0
7350,0,1,0,0,0,0
7351,0,1,0,0,0,0
7368,0,0,0,0,1,0
7371,0,0,0,1,0,0
7389,0,0,1,0,0,0
7402,0,0,0,1,0,0
7409,0,1,0,0,0,0
7417,0,0,0,1,0,0
7419,1,0,0,0,0,0
7444,0,1,0,0,0,0
7462,1,0,0,0,0,0
7475,0,1,0,0,0,0
7478,1,0,0,0,0,0
7480,0,1,0,0,0,0
7491,1,0,0,0,0,0
7514,0,1,0,0,0,0
7532,1,0,0,0,0,0
7534,0,1,0,0,0,0
7539,1,0,0,0,0,0
7544,1,0,0,0,0,0
7550,0,0,0,0,0,1
7557,0,0,0,1,0,0
7570,0,0,0,1,0,0
7580,0,0,0,0,1,0
7597,0,0,1,0,0,0
7599,0,0,0,0,0,1
7606,0,0,0,1,0,0
7619,1,0,0,0,0,0
7627,0,0,0,0,0,1
7652,0,1,0,0,0,0
7654,0,0,0,1,0,0
7658,1,0,0,0,0,0
7662,1,0,0,0,0,0
7668,0,0,0,0,1,0
7683,0,0,0,0,1,0
7686,0,0,1,0,0,0
7695,0,0,1,0,0,0
7702,1,0,0,0,0,0
7707,0,1,0,0,0,0
7751,0,0,1,0,0,0
7754,0,0,0,0,0,1
7763,0,0,0,1,0,0
7784,0,1,0,0,0,0
7790,0,0,1,0,0,0
7796,1,0,0,0,0,0
7813,0,0,1,0,0,0
7820,1,0,0,0,0,0
7834,1,0,0,0,0,0
7853,0,0,0,1,0,0
7854,1,0,0,0,0,0
7856,0,1,0,0,0,0
7864,1,0,0,0,0,0
7875,0,0,0,1,0,0
7892,1,0,0,0,0,0
7896,0,0,0,0,1,0
7919,1,0,0,0,0,0
7948,1,0,0,0,0,0
7960,0,0,0,1,0,0
7964,0,0,0,0,0,1
7965,0,1,0,0,0,0
7982,1,0,0,0,0,0
7985,0,0,1,0,0,0
7987,0,1,0,0,0,0
7990,1,0,0,0,0,0
7991,0,0,0,1,0,0
7997,0,1,0,0,0,0
8007,0,0,1,0,0,0
8014,1,0,0,0,0,0
8019,0,1,0,0,0,0
8023,1,0,0,0,0,0
8025,1,0,0,0,0,0
8031,1,0,0,0,0,0
8034,1,0,0,0,0,0
8045,1,0,0,0,0,0
8056,1,0,0,0,0,0
8058,0,1,0,0,0,0
8060,0,0,1,0,0,0
8070,1,0,0,0,0,0
8085,1,0,0,0,0,0
8109,1,0,0,0,0,0
8114,0,1,0,0,0,0
8137,1,0,0,0,0,0
8160,1,0,0,0,0,0
8195,1,0,0,0,0,0
8202,0,1,0,0,0,0
8204,1,0,0,0,0,0
8212,0,0,1,0,0,0
8227,0,0,0,0,1,0
8229,1,0,0,0,0,0
8266,0,0,0,1,0,0
8277,0,0,0,0,1,0
8279,1,0,0,0,0,0
8281,1,0,0,0,0,0
8293,1,0,0,0,0,0
8301,0,1,0,0,0,0
8306,0,1,0,0,0,0
8310,1,0,0,0,0,0
8323,0,0,1,0,0,0
8328,0,1,0,0,0,0
8338,1,0,0,0,0,0
8350,0,1,0,0,0,0
8358,0,0,1,0,0,0
8371,0,1,0,0,0,0
8380,0,1,0,0,0,0
8388,0,1,0,0,0,0
8397,0,0,0,0,1,0
8399,0,1,0,0,0,0
8405,1,0,0,0,0,0
8415,0,0,0,0,0,1
8418,1,0,0,0,0,0
8423,0,1,0,0,0,0
8434,1,0,0,0,0,0
8436,0,0,0,0,1,0
8439,0,0,1,0,0,0
8449,0,1,0,0,0,0
8455,1,0,0,0,0,0
8458,1,0,0,0,0,0
8459,0,0,0,1,0,0
8460,0,0,0,1,0,0
8462,0,0,0,0,1,0
8466,0,0,0,1,0,0
8470,0,1,0,0,0,0
8491,0,0,1,0,0,0
8499,0,0,0,0,0,1
8539,1,0,0,0,0,0
8542,0,0,1,0,0,0
8543,1,0,0,0,0,0
8547,1,0,0,0,0,0
8556,0,0,0,1,0,0
8565,1,0,0,0,0,0
8566,0,0,0,1,0,0
8573,0,1,0,0,0,0
8575,1,0,0,0,0,0
8580,0,0,0,0,1,0
8591,0,0,1,0,0,0
8593,0,0,0,1,0,0
8594,1,0,0,0,0,0
8604,1,0,0,0,0,0
8613,1,0,0,0,0,0
8618,1,0,0,0,0,0
8629,1,0,0,0,0,0
8639,1,0,0,0,0,0
8644,0,0,0,0,0,1
8656,0,0,1,0,0,0
8666,0,1,0,0,0,0
8685,0,0,0,1,0,0
8705,1,0,0,0,0,0
8711,0,1,0,0,0,0
8738,0,0,0,1,0,0
8742,0,0,0,0,0,1
8788,0,0,0,0,1,0
8789,1,0,0,0,0,0
8796,1,0,0,0,0,0
8801,1,0,0,0,0,0
8838,1,0,0,0,0,0
8839,0,1,0,0,0,0
8872,0,0,0,1,0,0
8879,0,1,0,0,0,0
8882,0,1,0,0,0,0
8893,0,0,1,0,0,0
8894,1,0,0,0,0,0
8899,0,0,0,1,0,0
8914,0,0,1,0,0,0
8939,0,0,0,0,0,1
8946,1,0,0,0,0,0
8955,0,1,0,0,0,0
8987,1,0,0,0,0,0
8995,1,0,0,0,0,0
9007,0,1,0,0,0,0
9038,1,0,0,0,0,0
9047,0,0,0,0,1,0
9052,0,0,0,1,0,0
9057,1,0,0,0,0,0
9068,0,1,0,0,0,0
9071,0,0,0,1,0,0
9095,0,0,1,0,0,0
9102,0,0,1,0,0,0
9113,0,1,0,0,0,0
9122,0,0,1,0,0,0
9129,1,0,0,0,0,0
9148,0,0,1,0,0,0
9158,1,0,0,0,0,0
9174,1,0,0,0,0,0
9176,1,0,0,0,0,0
9179,0,0,0,1,0,0
9217,0,1,0,0,0,0
9218,0,0,1,0,0,0
9230,0,1,0,0,0,0
9240,0,0,1,0,0,0
9242,1,0,0,0,0,0
9244,0,0,1,0,0,0
9253,1,0,0,0,0,0
9264,1,0,0,0,0,0
9291,1,0,0,0,0,0
9292,0,0,1,0,0,0
9296,1,0,0,0,0,0
9301,0,0,0,1,0,0
9311,0,0,1,0,0,0
9313,1,0,0,0,0,0
9320,1,0,0,0,0,0
9322,1,0,0,0,0,0
9325,1,0,0,0,0,0
9326,0,0,1,0,0,0
9333,0,0,0,0,1,0
9343,0,0,0,1,0,0
9348,0,0,0,0,0,1
9358,0,0,0,1,0,0
9361,0,0,0,1,0,0
9363,1,0,0,0,0,0
9375,0,0,0,0,1,0
9379,0,0,0,1,0,0
9384,1,0,0,0,0,0
9412,0,0,1,0,0,0
9414,0,1,0,0,0,0
9417,1,0,0,0,0,0
9431,0,0,0,0,0,1
9446,1,0,0,0,0,0
9452,0,1,0,0,0,0
9479,0,0,0,0,0,1
9480,0,0,1,0,0,0
9481,0,1,0,0,0,0
9484,0,0,1,0,0,0
9492,0,1,0,0,0,0
9493,0,1,0,0,0,0
9500,1,0,0,0,0,0
9506,1,0,0,0,0,0
9512,1,0,0,0,0,0
9513,0,0,1,0,0,0
9517,1,0,0,0,0,0
9522,1,0,0,0,0,0
9525,0,0,1,0,0,0
9539,1,0,0,0,0,0
9543,0,0,0,1,0,0
9576,0,1,0,0,0,0
9583,1,0,0,0,0,0
9590,0,0,1,0,0,0
9592,0,1,0,0,0,0
9597,1,0,0,0,0,0
9606,0,0,0,0,1,0
9613,0,1,0,0,0,0
9624,0,0,0,0,1,0
9629,0,1,0,0,0,0
9649,1,0,0,0,0,0
9663,1,0,0,0,0,0
9667,1,0,0,0,0,0
9681,0,1,0,0,0,0
9687,0,0,1,0,0,0
9690,1,0,0,0,0,0
9691,0,1,0,0,0,0
9695,1,0,0,0,0,0
9711,0,0,1,0,0,0
9714,0,1,0,0,0,0
9716,0,1,0,0,0,0
9731,0,0,1,0,0,0
9735,1,0,0,0,0,0
9763,0,1,0,0,0,0
9771,0,0,0,0,1,0
9778,0,1,0,0,0,0
9805,0,0,0,0,1,0
9807,0,0,0,0,1,0
9812,0,1,0,0,0,0
9817,0,1,0,0,0,0
9824,1,0,0,0,0,0
9825,1,0,0,0,0,0
9827,1,0,0,0,0,0
9836,1,0,0,0,0,0
9843,1,0,0,0,0,0
9859,0,0,0,0,0,1
9874,0,1,0,0,0,0
9875,1,0,0,0,0,0
9891,0,0,1,0,0,0
9905,0,0,0,1,0,0
9906,0,1,0,0,0,0
9910,0,1,0,0,0,0
9914,0,0,1,0,0,0
9917,0,0,0,0,0,1
9918,1,0,0,0,0,0
9940,0,1,0,0,0,0
9954,1,0,0,0,0,0
9975,0,1,0,0,0,0
9980,1,0,0,0,0,0
9982,0,1,0,0,0,0
9992,1,0,0,0,0,0
9994,0,0,0,0,0,1
9995,1,0,0,0,0,0
10003,0,1,0,0,0,0
10015,1,0,0,0,0,0
10021,1,0,0,0,0,0
10030,0,1,0,0,0,0
10042,0,0,0,1,0,0
10050,1,0,0,0,0,0
10059,0,0,0,0,0,1
10062,0,1,0,0,0,0
10070,1,0,0,0,0,0
10083,1,0,0,0,0,0
10091,1,0,0,0,0,0
10094,1,0,0,0,0,0
10099,1,0,0,0,0,0
10118,1,0,0,0,0,0
10123,0,0,0,0,1,0
10138,1,0,0,0,0,0
10140,0,0,1,0,0,0
10148,1,0,0,0,0,0
10164,0,1,0,0,0,0
10166,1,0,0,0,0,0
10187,1,0,0,0,0,0
10197,0,0,0,1,0,0
10204,0,0,0,1,0,0
10220,1,0,0,0,0,0
10225,1,0,0,0,0,0
10226,0,1,0,0,0,0
10230,1,0,0,0,0,0
10233,0,0,0,0,0,1
10246,1,0,0,0,0,0
10275,0,1,0,0,0,0
10280,0,0,1,0,0,0
10281,0,0,0,0,1,0
10285,0,1,0,0,0,0
10301,1,0,0,0,0,0
10302,0,0,0,0,0,1
10342,0,1,0,0,0,0
10358,0,0,0,1,0,0
10361,0,0,1,0,0,0
10364,1,0,0,0,0,0
10380,1,0,0,0,0,0
10413,0,0,0,1,0,0
10429,1,0,0,0,0,0
10431,1,0,0,0,0,0
10432,1,0,0,0,0,0
10438,0,1,0,0,0,0
10469,0,1,0,0,0,0
10477,0,1,0,0,0,0
10490,0,0,1,0,0,0
10491,1,0,0,0,0,0
10494,1,0,0,0,0,0
10497,0,0,0,1,0,0
10510,0,1,0,0,0,0
10515,0,1,0,0,0,0
10532,0,0,0,1,0,0
10533,0,0,1,0,0,0
10551,0,1,0,0,0,0
10587,1,0,0,0,0,0
10622,1,0,0,0,0,0
10632,0,0,0,0,1,0
10636,0,1,0,0,0,0
10640,0,0,0,1,0,0
10645,0,0,1,0,0,0
10655,1,0,0,0,0,0
10666,0,0,0,1,0,0
10673,0,0,0,0,0,1
10674,0,1,0,0,0,0
10675,0,1,0,0,0,0
10681,1,0,0,0,0,0
10688,1,0,0,0,0,0
10697,1,0,0,0,0,0
10719,1,0,0,0,0,0
10762,0,0,0,0,1,0
10765,1,0,0,0,0,0
10783,1,0,0,0,0,0
10791,1,0,0,0,0,0
10794,1,0,0,0,0,0
10798,1,0,0,0,0,0
10800,1,0,0,0,0,0
10802,0,0,0,1,0,0
10822,1,0,0,0,0,0
10836,0,0,0,0,1,0
10851,1,0,0,0,0,0
10852,0,0,1,0,0,0
10856,1,0,0,0,0,0
10862,0,1,0,0,0,0
10864,1,0,0,0,0,0
10865,0,0,1,0,0,0
10870,0,0,1,0,0,0
10871,1,0,0,0,0,0
10876,1,0,0,0,0,0
10879,0,0,1,0,0,0
10891,0,1,0,0,0,0
10899,0,0,0,1,0,0
10903,1,0,0,0,0,0
10905,0,0,1,0,0,0
10912,0,1,0,0,0,0
10929,0,0,0,0,1,0
10952,0,1,0,0,0,0
10981,1,0,0,0,0,0
10985,1,0,0,0,0,0
10994,0,1,0,0,0,0
11009,0,0,0,0,1,0
11014,0,0,0,1,0,0
11023,0,0,1,0,0,0
11033,1,0,0,0,0,0
11051,0,1,0,0,0,0
11056,1,0,0,0,0,0
11062,1,0,0,0,0,0
11079,1,0,0,0,0,0
11119,0,1,0,0,0,0
11144,0,0,0,0,1,0
11146,1,0,0,0,0,0
11175,0,0,1,0,0,0
11191,1,0,0,0,0,0
11227,1,0,0,0,0,0
11238,1,0,0,0,0,0
11248,1,0,0,0,0,0
11268,1,0,0,0,0,0
11277,0,0,0,0,0,1
11304,1,0,0,0,0,0
11308,0,0,0,0,1,0
11328,0,1,0,0,0,0
11338,0,1,0,0,0,0
11341,1,0,0,0,0,0
11346,0,1,0,0,0,0
11367,0,0,1,0,0,0
11373,0,0,0,1,0,0
11402,0,0,0,0,1,0
11408,0,0,0,1,0,0
11411,0,1,0,0,0,0
11412,0,0,0,1,0,0
11418,1,0,0,0,0,0
11444,1,0,0,0,0,0
11450,0,1,0,0,0,0
11452,0,1,0,0,0,0
11459,1,0,0,0,0,0
11469,1,0,0,0,0,0
11485,1,0,0,0,0,0
11511,0,0,0,0,1,0
11513,0,1,0,0,0,0
11517,0,0,0,1,0,0
11524,1,0,0,0,0,0
11526,0,1,0,0,0,0
11531,1,0,0,0,0,0
11536,0,1,0,0,0,0
11545,0,1,0,0,0,0
11546,1,0,0,0,0,0
11553,0,0,1,0,0,0
11556,1,0,0,0,0,0
11561,1,0,0,0,0,0
11565,0,0,0,1,0,0
11581,0,1,0,0,0,0
11584,1,0,0,0,0,0
11588,0,0,0,1,0,0
11596,0,0,0,0,0,1
11598,1,0,0,0,0,0
11617,1,0,0,0,0,0
11623,0,1,0,0,0,0
11636,0,1,0,0,0,0
11647,1,0,0,0,0,0
11667,1,0,0,0,0,0
11670,1,0,0,0,0,0
11676,0,1,0,0,0,0
11683,1,0,0,0,0,0
11694,0,0,0,1,0,0
11700,0,0,0,1,0,0
11703,0,0,0,0,1,0
11707,1,0,0,0,0,0
11715,1,0,0,0,0,0
11723,0,1,0,0,0,0
11725,0,0,0,1,0,0
11728,0,1,0,0,0,0
11747,0,0,1,0,0,0
11749,1,0,0,0,0,0
11754,1,0,0,0,0,0
11757,1,0,0,0,0,0
11792,1,0,0,0,0,0
11798,1,0,0,0,0,0
11801,0,1,0,0,0,0
11807,1,0,0,0,0,0
11810,0,0,0,1,0,0
11827,0,0,0,1,0,0
11840,0,1,0,0,0,0
11858,0,0,0,1,0,0
11878,0,0,1,0,0,0
11887,1,0,0,0,0,0
11892,1,0,0,0,0,0
11897,0,0,0,1,0,0
11898,0,1,0,0,0,0
11900,0,1,0,0,0,0
11910,0,1,0,0,0,0
11911,0,0,1,0,0,0
11912,1,0,0,0,0,0
11922,0,0,0,0,0,1
11923,0,1,0,0,0,0
11932,0,0,0,0,1,0
11933,0,1,0,0,0,0
11935,0,0,0,0,0,1
11948,1,0,0,0,0,0
11994,0,0,0,1,0,0
11999,0,1,0,0,0,0
12004,1,0,0,0,0,0
12009,0,1,0,0,0,0
12049,0,0,0,1,0,0
12051,0,1,0,0,0,0
12065,1,0,0,0,0,0
12067,1,0,0,0,0,0
12069,1,0,0,0,0,0
12085,1,0,0,0,0,0
12086,1,0,0,0,0,0
12091,0,0,0,1,0,0
12102,0,0,0,0,1,0
12118,0,0,0,0,0,1
12123,1,0,0,0,0,0
12129,1,0,0,0,0,0
12130,0,0,0,0,1,0
12142,0,0,1,0,0,0
12146,1,0,0,0,0,0
12150,1,0,0,0,0,0
12153,0,1,0,0,0,0
12166,1,0,0,0,0,0
12168,1,0,0,0,0,0
12170,0,0,0,0,1,0
12172,1,0,0,0,0,0
12174,0,0,0,1,0,0
12178,1,0,0,0,0,0
12185,1,0,0,0,0,0
12187,1,0,0,0,0,0
12188,1,0,0,0,0,0
12191,0,1,0,0,0,0
12202,1,0,0,0,0,0
12253,0,1,0,0,0,0
12278,1,0,0,0,0,0
12280,1,0,0,0,0,0
12293,0,0,1,0,0,0
12298,0,0,1,0,0,0
12304,0,1,0,0,0,0
12325,1,0,0,0,0,0
12328,1,0,0,0,0,0
12335,0,0,0,0,1,0
12373,1,0,0,0,0,0
12390,1,0,0,0,0,0
12394,1,0,0,0,0,0
12412,0,0,0,1,0,0
12418,0,1,0,0,0,0
12422,0,1,0,0,0,0
12429,0,0,0,1,0,0
12430,0,0,1,0,0,0
12438,0,1,0,0,0,0
12443,1,0,0,0,0,0
12444,1,0,0,0,0,0
12462,1,0,0,0,0,0
12476,1,0,0,0,0,0
12494,0,0,1,0,0,0
12495,0,1,0,0,0,0
12501,1,0,0,0,0,0
12538,0,1,0,0,0,0
12548,1,0,0,0,0,0
12556,0,0,0,1,0,0
12557,1,0,0,0,0,0
12558,0,0,1,0,0,0
12569,1,0,0,0,0,0
12573,0,0,0,0,1,0
12590,0,1,0,0,0,0
12604,0,0,0,1,0,0
12609,0,0,1,0,0,0
12611,0,1,0,0,0,0
12625,1,0,0,0,0,0
12626,1,0,0,0,0,0
12629,1,0,0,0,0,0
12644,0,0,0,1,0,0
12653,1,0,0,0,0,0
12657,1,0,0,0,0,0
12660,1,0,0,0,0,0
12695,0,0,0,0,1,0
12705,0,0,0,1,0,0
12716,0,0,1,0,0,0
12744,0,0,0,1,0,0
12746,0,0,1,0,0,0
12748,1,0,0,0,0,0
12763,0,0,0,1,0,0
12782,0,1,0,0,0,0
12790,0,1,0,0,0,0
12795,0,0,0,0,1,0
12815,0,0,0,1,0,0
12825,0,0,0,1,0,0
12846,0,0,0,1,0,0
12855,1,0,0,0,0,0
12869,1,0,0,0,0,0
12878,0,0,0,1,0,0
12881,1,0,0,0,0,0
12891,1,0,0,0,0,0
12900,1,0,0,0,0,0
12903,1,0,0,0,0,0
12911,0,0,0,1,0,0
12926,0,0,0,1,0,0
12931,1,0,0,0,0,0
12964,0,1,0,0,0,0
12981,1,0,0,0,0,0
12997,0,1,0,0,0,0
13021,0,1,0,0,0,0
13028,0,0,0,1,0,0
13030,0,0,1,0,0,0
13044,0,1,0,0,0,0
13053,0,1,0,0,0,0
13058,0,0,1,0,0,0
13059,0,0,1,0,0,0
13068,1,0,0,0,0,0
13084,0,0,1,0,0,0
13085,0,1,0,0,0,0
13102,1,0,0,0,0,0
13116,0,0,0,1,0,0
13126,0,0,1,0,0,0
13128,0,0,0,1,0,0
13129,1,0,0,0,0,0
13132,0,0,0,0,0,1
13158,0,1,0,0,0,0
13172,0,0,0,0,1,0
13182,1,0,0,0,0,0
13184,0,0,1,0,0,0
13193,0,0,0,1,0,0
13195,0,0,0,1,0,0
13208,0,1,0,0,0,0
13221,1,0,0,0,0,0
13240,0,0,1,0,0,0
13252,0,0,1,0,0,0
13265,0,0,0,0,1,0
13267,1,0,0,0,0,0
13268,1,0,0,0,0,0
13276,1,0,0,0,0,0
13288,0,0,0,1,0,0
13292,0,0,0,1,0,0
13331,1,0,0,0,0,0
13375,1,0,0,0,0,0
13379,0,1,0,0,0,0
13383,1,0,0,0,0,0
13397,0,0,0,0,1,0
13398,0,0,0,0,1,0
13401,1,0,0,0,0,0
13408,0,1,0,0,0,0
13411,0,1,0,0,0,0
13418,1,0,0,0,0,0
13424,1,0,0,0,0,0
13434,1,0,0,0,0,0
13444,1,0,0,0,0,0
13456,0,0,0,0,1,0
13468,0,1,0,0,0,0
13489,1,0,0,0,0,0
13498,0,0,0,1,0,0
13499,1,0,0,0,0,0
13503,1,0,0,0,0,0
13504,1,0,0,0,0,0
13509,0,0,1,0,0,0
13511,1,0,0,0,0,0
13538,1,0,0,0,0,0
13546,0,0,1,0,0,0
13549,0,0,1,0,0,0
13571,1,0,0,0,0,0
13587,0,1,0,0,0,0
13603,1,0,0,0,0,0
13618,0,0,0,0,0,1
13627,0,0,1,0,0,0
13628,1,0,0,0,0,0
13636,1,0,0,0,0,0
13637,1,0,0,0,0,0
13640,0,1,0,0,0,0
13649,0,1,0,0,0,0
13651,0,0,1,0,0,0
13656,1,0,0,0,0,0
13660,0,0,1,0,0,0
13661,1,0,0,0,0,0
13669,1,0,0,0,0,0
13673,1,0,0,0,0,0
13678,1,0,0,0,0,0
13702,0,1,0,0,0,0
13718,0,0,0,1,0,0
13730,1,0,0,0,0,0
13732,0,0,1,0,0,0
13738,0,0,0,1,0,0
13747,0,0,0,1,0,0
13755,0,0,1,0,0,0
13767,0,1,0,0,0,0
13778,0,1,0,0,0,0
13821,1,0,0,0,0,0
13823,0,0,0,0,1,0
13827,1,0,0,0,0,0
13865,1,0,0,0,0,0
13868,0,1,0,0,0,0
13881,0,0,0,0,0,1
13886,0,1,0,0,0,0
13896,0,0,0,0,0,1
13900,0,1,0,0,0,0
13907,1,0,0,0,0,0
13912,0,1,0,0,0,0
13918,1,0,0,0,0,0
13958,0,0,0,0,1,0
13965,0,0,0,1,0,0
13971,0,0,0,0,0,1
14006,1,0,0,0,0,0
14030,1,0,0,0,0,0
14033,0,0,0,0,0,1
14035,1,0,0,0,0,0
14043,0,0,0,1,0,0
14047,1,0,0,0,0,0
14053,0,1,0,0,0,0
14055,0,1,0,0,0,0
14057,0,0,0,0,0,1
14061,0,0,0,0,0,1
14064,1,0,0,0,0,0
14072,1,0,0,0,0,0
14084,1,0,0,0,0,0
14105,1,0,0,0,0,0
14109,1,0,0,0,0,0
14112,1,0,0,0,0,0
14120,0,0,0,1,0,0
14141,1,0,0,0,0,0
14143,1,0,0,0,0,0
14148,1,0,0,0,0,0
14162,0,0,0,1,0,0
14164,0,1,0,0,0,0
14176,1,0,0,0,0,0
14177,1,0,0,0,0,0
14179,0,0,0,1,0,0
14205,0,0,1,0,0,0
14223,1,0,0,0,0,0
14230,1,0,0,0,0,0
14234,1,0,0,0,0,0
14246,0,1,0,0,0,0
14254,1,0,0,0,0,0
14258,1,0,0,0,0,0
14259,1,0,0,0,0,0
14264,0,0,0,1,0,0
14265,0,1,0,0,0,0
14272,1,0,0,0,0,0
14280,1,0,0,0,0,0
14281,0,0,1,0,0,0
14282,0,1,0,0,0,0
14290,0,0,0,0,1,0
14293,1,0,0,0,0,0
14301,0,0,0,1,0,0
14302,1,0,0,0,0,0
14319,0,0,1,0,0,0
14322,0,1,0,0,0,0
14327,1,0,0,0,0,0
14366,0,1,0,0,0,0
14381,1,0,0,0,0,0
14389,0,0,0,1,0,0
14391,0,0,0,0,1,0
14396,0,0,0,1,0,0
14417,1,0,0,0,0,0
14455,1,0,0,0,0,0
14457,0,1,0,0,0,0
14472,1,0,0,0,0,0
14480,1,0,0,0,0,0
14483,0,0,1,0,0,0
14484,0,1,0,0,0,0
14487,1,0,0,0,0,0
14500,0,0,0,0,1,0
14514,0,0,0,1,0,0
14521,1,0,0,0,0,0
14523,1,0,0,0,0,0
14553,0,0,1,0,0,0
14561,0,0,0,1,0,0
14623,1,0,0,0,0,0
14634,1,0,0,0,0,0
14635,0,1,0,0,0,0
14647,1,0,0,0,0,0
14717,0,0,1,0,0,0
14728,1,0,0,0,0,0
14761,1,0,0,0,0,0
14771,1,0,0,0,0,0
14777,1,0,0,0,0,0
14780,1,0,0,0,0,0
14796,0,1,0,0,0,0
14802,1,0,0,0,0,0
14834,0,0,1,0,0,0
14839,1,0,0,0,0,0
14864,0,0,1,0,0,0
14877,0,0,0,0,1,0
14878,0,1,0,0,0,0
14900,1,0,0,0,0,0
14913,0,1,0,0,0,0
14914,0,1,0,0,0,0
14919,0,0,0,1,0,0
14924,0,0,1,0,0,0
14934,0,1,0,0,0,0
14937,0,1,0,0,0,0
14944,0,0,1,0,0,0
14946,1,0,0,0,0,0
14956,1,0,0,0,0,0
14980,0,0,1,0,0,0
14984,0,0,1,0,0,0
14996,0,1,0,0,0,0
15021,0,0,1,0,0,0
15030,1,0,0,0,0,0
15043,1,0,0,0,0,0
15044,0,0,1,0,0,0
15045,1,0,0,0,0,0
15062,1,0,0,0,0,0
15093,1,0,0,0,0,0
15101,1,0,0,0,0,0
15115,0,0,0,0,0,1
15120,1,0,0,0,0,0
15123,1,0,0,0,0,0
15137,0,0,0,0,1,0
15145,0,0,0,0,1,0
15154,0,0,1,0,0,0
15157,0,1,0,0,0,0
15158,0,1,0,0,0,0
15166,1,0,0,0,0,0
15173,0,1,0,0,0,0
15178,1,0,0,0,0,0
15199,0,0,0,0,1,0
15200,0,0,0,1,0,0
15209,0,0,1,0,0,0
15211,0,1,0,0,0,0
15222,1,0,0,0,0,0
15244,1,0,0,0,0,0
15268,0,0,0,0,0,1
15273,1,0,0,0,0,0
15287,0,1,0,0,0,0
15291,1,0,0,0,0,0
15298,0,0,1,0,0,0
15306,0,1,0,0,0,0
15308,0,0,0,1,0,0
15314,0,1,0,0,0,0
15341,0,0,1,0,0,0
15342,1,0,0,0,0,0
15346,0,1,0,0,0,0
15355,0,0,0,1,0,0
15364,0,1,0,0,0,0
15377,0,0,0,0,1,0
15396,0,1,0,0,0,0
15422,0,1,0,0,0,0
15448,1,0,0,0,0,0
15467,1,0,0,0,0,0
15488,0,0,1,0,0,0
15508,0,0,0,1,0,0
15520,0,0,0,1,0,0
15524,0,0,1,0,0,0
15530,0,0,1,0,0,0
15539,0,1,0,0,0,0
15542,1,0,0,0,0,0
15544,1,0,0,0,0,0
15569,1,0,0,0,0,0
15571,0,0,0,0,1,0
15584,0,0,1,0,0,0
15592,1,0,0,0,0,0
15594,1,0,0,0,0,0
15602,1,0,0,0,0,0
15620,0,1,0,0,0,0
15634,1,0,0,0,0,0
15635,1,0,0,0,0,0
15652,0,0,0,0,1,0
15653,1,0,0,0,0,0
15666,0,1,0,0,0,0
15669,1,0,0,0,0,0
15672,0,0,1,0,0,0
15682,1,0,0,0,0,0
15683,0,0,0,1,0,0
15685,0,0,0,1,0,0
15687,1,0,0,0,0,0
15696,0,0,0,1,0,0
15715,1,0,0,0,0,0
15723,1,0,0,0,0,0
15755,0,1,0,0,0,0
15756,0,0,1,0,0,0
15777,0,0,0,1,0,0
15778,1,0,0,0,0,0
15779,0,1,0,0,0,0
15780,0,0,1,0,0,0
15784,0,1,0,0,0,0
15791,0,0,0,0,1,0
15802,0,0,1,0,0,0
15811,1,0,0,0,0,0
15823,1,0,0,0,0,0
15828,0,0,0,1,0,0
15838,0,0,0,1,0,0
15852,0,0,0,0,1,0
15869,0,1,0,0,0,0
15885,0,1,0,0,0,0
15897,0,0,0,0,1,0
15920,0,0,0,0,1,0
15925,1,0,0,0,0,0
15926,0,1,0,0,0,0
15930,0,1,0,0,0,0
15935,0,1,0,0,0,0
15938,1,0,0,0,0,0
15952,0,0,0,1,0,0
15981,0,0,0,0,0,1
16001,0,1,0,0,0,0
16050,1,0,0,0,0,0
16061,1,0,0,0,0,0
16066,0,0,1,0,0,0
16067,1,0,0,0,0,0
16091,1,0,0,0,0,0
16118,1,0,0,0,0,0
16129,0,0,1,0,0,0
16130,0,0,0,1,0,0
16159,1,0,0,0,0,0
16166,1,0,0,0,0,0
16176,1,0,0,0,0,0
16177,0,0,0,0,1,0
16182,0,0,0,0,1,0
16212,0,0,0,0,1,0
16234,0,1,0,0,0,0
16254,0,1,0,0,0,0
16259,0,0,1,0,0,0
16278,0,1,0,0,0,0
16307,1,0,0,0,0,0
16333,0,1,0,0,0,0
16343,1,0,0,0,0,0
16371,0,0,1,0,0,0
16436,0,0,0,1,0,0
16439,1,0,0,0,0,0
16450,0,0,1,0,0,0
16470,0,1,0,0,0,0
16472,0,0,1,0,0,0
16478,1,0,0,0,0,0
16486,0,0,1,0,0,0
16542,0,1,0,0,0,0
16543,1,0,0,0,0,0
16545,0,1,0,0,0,0
16553,0,1,0,0,0,0
16555,0,1,0,0,0,0
16557,0,0,1,0,0,0
16563,1,0,0,0,0,0
16576,0,0,0,1,0,0
16586,1,0,0,0,0,0
16606,0,0,0,0,1,0
16628,0,1,0,0,0,0
16641,1,0,0,0,0,0
16651,0,1,0,0,0,0
16673,1,0,0,0,0,0
16675,1,0,0,0,0,0
16684,1,0,0,0,0,0
16686,0,1,0,0,0,0
16704,1,0,0,0,0,0
16711,1,0,0,0,0,0
16718,0,1,0,0,0,0
16734,1,0,0,0,0,0
16744,1,0,0,0,0,0
16766,0,1,0,0,0,0
16774,1,0,0,0,0,0
16801,1,0,0,0,0,0
16817,1,0,0,0,0,0
16827,0,0,0,1,0,0
16829,1,0,0,0,0,0
16840,1,0,0,0,0,0
16841,0,0,0,1,0,0
16852,1,0,0,0,0,0
16867,0,0,0,0,1,0
16874,0,0,1,0,0,0
16891,0,1,0,0,0,0
16915,0,0,1,0,0,0
16922,0,1,0,0,0,0
16927,1,0,0,0,0,0
16932,1,0,0,0,0,0
16940,0,1,0,0,0,0
16943,1,0,0,0,0,0
16959,0,1,0,0,0,0
16966,1,0,0,0,0,0
16973,0,1,0,0,0,0
16980,0,0,0,1,0,0
17016,1,0,0,0,0,0
17017,1,0,0,0,0,0
17020,0,1,0,0,0,0
17037,1,0,0,0,0,0
17047,1,0,0,0,0,0
17051,0,1,0,0,0,0
17054,0,0,0,0,1,0
17055,1,0,0,0,0,0
17071,0,0,0,0,1,0
17075,0,1,0,0,0,0
17081,1,0,0,0,0,0
17085,1,0,0,0,0,0
17087,1,0,0,0,0,0
17114,0,0,1,0,0,0
17124,1,0,0,0,0,0
17140,1,0,0,0,0,0
17144,0,0,0,1,0,0
17147,1,0,0,0,0,0
17150,1,0,0,0,0,0
17168,0,0,0,1,0,0
17170,1,0,0,0,0,0
17179,1,0,0,0,0,0
17197,1,0,0,0,0,0
17233,0,1,0,0,0,0
17253,0,0,0,1,0,0
17256,0,0,0,0,0,1
17276,0,0,0,1,0,0
17279,1,0,0,0,0,0
17286,1,0,0,0,0,0
17290,0,1,0,0,0,0
17313,0,0,0,0,1,0
17325,0,0,0,1,0,0
17331,1,0,0,0,0,0
17335,0,1,0,0,0,0
17338,0,0,0,1,0,0
17350,0,0,1,0,0,0
17351,1,0,0,0,0,0
17359,0,0,0,1,0,0
17365,1,0,0,0,0,0
17366,1,0,0,0,0,0
17367,1,0,0,0,0,0
17382,1,0,0,0,0,0
17409,0,0,0,0,1,0
17412,0,0,0,1,0,0
17424,0,0,1,0,0,0
17436,1,0,0,0,0,0
17448,0,0,1,0,0,0
17454,0,0,0,0,1,0
17469,1,0,0,0,0,0
17475,0,0,0,1,0,0
17478,0,1,0,0,0,0
17487,1,0,0,0,0,0
17492,1,0,0,0,0,0
17494,0,1,0,0,0,0
17496,1,0,0,0,0,0
17497,1,0,0,0,0,0
17499,1,0,0,0,0,0
17511,0,1,0,0,0,0
17514,1,0,0,0,0,0
17515,0,0,0,0,1,0
17535,1,0,0,0,0,0
17539,0,1,0,0,0,0
17542,0,0,0,0,1,0
17547,0,0,0,1,0,0
17550,0,0,1,0,0,0
17551,0,1,0,0,0,0
17564,1,0,0,0,0,0
17565,0,0,1,0,0,0
17584,1,0,0,0,0,0
17589,0,1,0,0,0,0
17591,0,0,0,1,0,0
17595,0,1,0,0,0,0
17601,1,0,0,0,0,0
17625,0,0,0,1,0,0
17639,0,1,0,0,0,0
17653,1,0,0,0,0,0
17660,1,0,0,0,0,0
17665,0,0,0,0,1,0
17666,1,0,0,0,0,0
17670,0,1,0,0,0,0
17693,1,0,0,0,0,0
17700,0,0,0,0,1,0
17701,0,0,1,0,0,0
17713,0,0,1,0,0,0
17716,0,1,0,0,0,0
17727,0,0,1,0,0,0
17736,0,0,1,0,0,0
17743,1,0,0,0,0,0
17756,0,1,0,0,0,0
17771,1,0,0,0,0,0
17780,0,0,0,0,0,1
17785,1,0,0,0,0,0
17790,0,1,0,0,0,0
17792,0,1,0,0,0,0
17809,0,0,0,1,0,0
17857,1,0,0,0,0,0
17864,0,0,0,0,1,0
17867,1,0,0,0,0,0
17888,0,0,1,0,0,0
17896,1,0,0,0,0,0
17904,0,0,0,0,0,1
17905,1,0,0,0,0,0
17932,0,0,0,1,0,0
17939,1,0,0,0,0,0
17941,1,0,0,0,0,0
17952,1,0,0,0,0,0
17979,1,0,0,0,0,0
17993,1,0,0,0,0,0
17996,0,0,0,1,0,0
17997,0,0,0,0,1,0
18010,0,0,0,0,1,0
18028,0,0,0,0,0,1
18054,1,0,0,0,0,0
18057,0,0,0,1,0,0
18069,1,0,0,0,0,0
18088,0,0,0,0,1,0
18117,1,0,0,0,0,0
18125,1,0,0,0,0,0
18150,1,0,0,0,0,0
18166,0,1,0,0,0,0
18197,0,1,0,0,0,0
18208,0,0,0,0,0,1
18210,0,0,0,1,0,0
18221,0,1,0,0,0,0
18248,1,0,0,0,0,0
18260,0,0,0,1,0,0
18262,0,0,0,0,1,0
18272,1,0,0,0,0,0
18287,0,0,1,0,0,0
18292,0,0,0,1,0,0
18311,1,0,0,0,0,0
18312,0,0,1,0,0,0
18326,0,1,0,0,0,0
18331,0,1,0,0,0,0
18347,0,0,1,0,0,0
18353,0,0,1,0,0,0
18356,1,0,0,0,0,0
18368,1,0,0,0,0,0
18370,0,0,0,1,0,0
18375,0,0,0,0,1,0
18393,0,1,0,0,0,0
18400,0,0,1,0,0,0
18439,0,0,1,0,0,0
18442,1,0,0,0,0,0
18450,0,0,0,0,1,0
18465,0,1,0,0,0,0
18476,0,1,0,0,0,0
18479,1,0,0,0,0,0
18481,1,0,0,0,0,0
18484,1,0,0,0,0,0
18489,0,0,0,0,1,0
18495,0,0,1,0,0,0
18512,0,0,0,0,0,1
18535,1,0,0,0,0,0
18545,0,0,0,0,1,0
18552,0,1,0,0,0,0
18565,1,0,0,0,0,0
18572,0,0,0,0,1,0
18582,1,0,0,0,0,0
18584,0,1,0,0,0,0
18591,1,0,0,0,0,0
18610,1,0,0,0,0,0
18611,1,0,0,0,0,0
18619,0,0,1,0,0,0
18621,0,0,0,0,0,1
18626,1,0,0,0,0,0
18640,1,0,0,0,0,0
18649,0,1,0,0,0,0
18695,0,0,0,0,0,1
18732,0,1,0,0,0,0
18746,0,1,0,0,0,0
18748,0,0,0,0,1,0
18754,0,1,0,0,0,0
18756,1,0,0,0,0,0
18775,0,0,0,0,1,0
18782,0,1,0,0,0,0
18806,1,0,0,0,0,0
18808,1,0,0,0,0,0
18815,0,0,1,0,0,0
18841,0,0,1,0,0,0
18843,0,0,0,1,0,0
18871,1,0,0,0,0,0
18873,0,1,0,0,0,0
18910,1,0,0,0,0,0
18917,1,0,0,0,0,0
18927,0,0,0,1,0,0
18950,0,0,0,0,1,0
18951,0,0,0,1,0,0
18958,1,0,0,0,0,0
18977,0,0,0,0,0,1
18981,0,1,0,0,0,0
18984,1,0,0,0,0,0
18985,1,0,0,0,0,0
18992,0,0,1,0,0,0
18997,0,0,0,0,0,1
19014,1,0,0,0,0,0
19022,0,1,0,0,0,0
19024,0,1,0,0,0,0
19025,0,0,1,0,0,0
19039,1,0,0,0,0,0
19042,1,0,0,0,0,0
19087,0,1,0,0,0,0
19111,0,0,0,0,1,0
19113,0,0,0,0,1,0
19114,1,0,0,0,0,0
19115,1,0,0,0,0,0
19124,0,1,0,0,0,0
19131,0,0,1,0,0,0
19153,0,0,1,0,0,0
19160,0,0,0,1,0,0
19162,1,0,0,0,0,0
19175,0,0,0,1,0,0
19178,1,0,0,0,0,0
19196,0,1,0,0,0,0
19201,1,0,0,0,0,0
19213,0,0,0,0,1,0
19251,0,0,1,0,0,0
19264,0,0,0,0,1,0
19267,1,0,0,0,0,0
19273,1,0,0,0,0,0
19279,1,0,0,0,0,0
19299,0,0,1,0,0,0
19323,1,0,0,0,0,0
19337,1,0,0,0,0,0
19347,1,0,0,0,0,0
19359,0,1,0,0,0,0
19383,0,0,0,0,1,0
19387,0,1,0,0,0,0
19389,0,1,0,0,0,0
19411,0,0,0,1,0,0
19419,0,0,1,0,0,0
19451,0,1,0,0,0,0
19454,0,0,0,0,1,0
19461,0,0,0,1,0,0
19469,0,0,0,0,1,0
19472,0,0,1,0,0,0
19473,0,1,0,0,0,0
19501,0,0,1,0,0,0
19502,1,0,0,0,0,0
19513,1,0,0,0,0,0
19519,0,0,0,1,0,0
19521,0,0,0,0,0,1
19539,1,0,0,0,0,0
19560,0,0,1,0,0,0
19565,0,1,0,0,0,0
19574,0,0,1,0,0,0
19578,0,1,0,0,0,0
19582,0,1,0,0,0,0
19586,0,0,1,0,0,0
19591,1,0,0,0,0,0
19611,0,0,0,1,0,0
19636,0,1,0,0,0,0
19645,0,1,0,0,0,0
19649,1,0,0,0,0,0
19663,0,1,0,0,0,0
19665,0,0,1,0,0,0
19668,1,0,0,0,0,0
19681,1,0,0,0,0,0
19682,1,0,0,0,0,0
19694,1,0,0,0,0,0
19698,1,0,0,0,0,0
19725,0,1,0,0,0,0
19730,0,0,0,0,1,0
19742,1,0,0,0,0,0
19757,1,0,0,0,0,0
19759,0,0,1,0,0,0
19773,1,0,0,0,0,0
19775,0,0,0,1,0,0
19780,1,0,0,0,0,0
19798,0,0,0,1,0,0
19810,0,0,1,0,0,0
19829,1,0,0,0,0,0
19850,0,0,0,0,1,0
19856,1,0,0,0,0,0
19867,0,1,0,0,0,0
19868,0,1,0,0,0,0
19880,0,1,0,0,0,0
19889,1,0,0,0,0,0
19908,1,0,0,0,0,0
19912,0,0,0,1,0,0
19917,0,0,0,0,0,1
19921,0,0,1,0,0,0
19923,0,0,0,0,0,1
19926,1,0,0,0,0,0
19952,1,0,0,0,0,0
19955,0,0,0,0,1,0
19957,1,0,0,0,0,0
19959,0,0,0,1,0,0
19969,1,0,0,0,0,0
19974,0,0,0,1,0,0
19988,0,1,0,0,0,0
20036,0,1,0,0,0,0
20050,0,0,1,0,0,0
20053,0,0,0,0,0,1
20073,0,0,0,0,1,0
20087,1,0,0,0,0,0
20093,1,0,0,0,0,0
20101,0,0,1,0,0,0
20115,1,0,0,0,0,0
20117,0,1,0,0,0,0
20136,1,0,0,0,0,0
20137,0,1,0,0,0,0
20143,1,0,0,0,0,0
20157,1,0,0,0,0,0
20173,0,1,0,0,0,0
20188,0,1,0,0,0,0
20198,0,0,0,0,1,0
20211,1,0,0,0,0,0
20212,1,0,0,0,0,0
20229,1,0,0,0,0,0
20232,0,0,0,0,1,0
20267,1,0,0,0,0,0
20271,0,1,0,0,0,0
20274,1,0,0,0,0,0
20281,0,0,0,1,0,0
20298,0,0,0,0,1,0
20307,1,0,0,0,0,0
20309,1,0,0,0,0,0
20328,1,0,0,0,0,0
20330,0,0,0,1,0,0
20331,1,0,0,0,0,0
20362,1,0,0,0,0,0
20389,1,0,0,0,0,0
20396,0,1,0,0,0,0
20400,0,0,1,0,0,0
20416,0,0,0,1,0,0
20423,0,0,0,0,1,0
20432,0,1,0,0,0,0
20451,1,0,0,0,0,0
20494,0,0,0,0,1,0
20498,1,0,0,0,0,0
20500,0,0,1,0,0,0
20506,0,0,1,0,0,0
20508,0,1,0,0,0,0
20549,0,0,0,0,1,0
20556,1,0,0,0,0,0
20587,1,0,0,0,0,0
20622,1,0,0,0,0,0
20623,1,0,0,0,0,0
20636,0,0,1,0,0,0
20665,1,0,0,0,0,0
20670,1,0,0,0,0,0
20677,1,0,0,0,0,0
20681,1,0,0,0,0,0
20686,0,0,0,1,0,0
20690,1,0,0,0,0,0
20692,0,0,0,1,0,0
20693,0,0,0,0,0,1
20700,0,0,1,0,0,0
20701,1,0,0,0,0,0
20703,1,0,0,0,0,0
20709,0,1,0,0,0,0
20718,0,1,0,0,0,0
20765,0,1,0,0,0,0
20771,0,1,0,0,0,0
20788,1,0,0,0,0,0
20822,0,0,0,1,0,0
20829,0,0,0,1,0,0
20831,1,0,0,0,0,0
20835,1,0,0,0,0,0
20852,1,0,0,0,0,0
20872,0,1,0,0,0,0
20875,1,0,0,0,0,0
20876,0,1,0,0,0,0
20884,0,0,1,0,0,0
20885,0,1,0,0,0,0
20915,0,1,0,0,0,0
20917,0,1,0,0,0,0
20922,0,1,0,0,0,0
20924,0,1,0,0,0,0
20934,1,0,0,0,0,0
20942,0,1,0,0,0,0
20963,1,0,0,0,0,0
20964,0,1,0,0,0,0
20984,1,0,0,0,0,0
20987,1,0,0,0,0,0
20989,0,1,0,0,0,0
21001,0,0,0,0,1,0
21007,0,0,1,0,0,0
21027,0,0,1,0,0,0
21033,1,0,0,0,0,0
21036,1,0,0,0,0,0
21058,0,0,1,0,0,0
21060,0,0,0,1,0,0
21064,1,0,0,0,0,0
21077,0,1,0,0,0,0
21081,0,1,0,0,0,0
21084,0,1,0,0,0,0
21086,1,0,0,0,0,0
21091,0,0,0,1,0,0
21093,1,0,0,0,0,0
21095,1,0,0,0,0,0
21122,1,0,0,0,0,0
21139,0,0,0,0,1,0
21145,1,0,0,0,0,0
21151,1,0,0,0,0,0
21152,1,0,0,0,0,0
21160,0,1,0,0,0,0
21175,0,0,1,0,0,0
21191,0,0,1,0,0,0
21194,1,0,0,0,0,0
21198,0,1,0,0,0,0
21200,0,0,0,1,0,0
21212,1,0,0,0,0,0
21215,1,0,0,0,0,0
21223,0,1,0,0,0,0
21231,1,0,0,0,0,0
21237,0,0,0,0,1,0
21249,1,0,0,0,0,0
21251,0,0,0,1,0,0
21279,0,1,0,0,0,0
21280,0,0,0,0,1,0
21288,0,1,0,0,0,0
21302,1,0,0,0,0,0
21313,1,0,0,0,0,0
21315,0,0,0,0,1,0
21319,0,1,0,0,0,0
21324,0,0,0,0,0,1
21335,1,0,0,0,0,0
21337,1,0,0,0,0,0
21356,0,0,0,0,1,0
21358,1,0,0,0,0,0
21367,0,1,0,0,0,0
21375,0,0,0,1,0,0
21388,1,0,0,0,0,0
21391,1,0,0,0,0,0
21410,0,1,0,0,0,0
21425,0,0,0,0,0,1
21446,1,0,0,0,0,0
21463,1,0,0,0,0,0
21471,1,0,0,0,0,0
21479,0,0,0,0,1,0
21483,0,0,1,0,0,0
21486,0,0,0,0,0,1
21492,1,0,0,0,0,0
21512,1,0,0,0,0,0
21517,0,1,0,0,0,0
21524,0,1,0,0,0,0
21553,1,0,0,0,0,0
21561,1,0,0,0,0,0
21564,1,0,0,0,0,0
21573,0,1,0,0,0,0
21581,0,1,0,0,0,0
21588,0,0,0,1,0,0
21590,1,0,0,0,0,0
21597,0,0,0,0,1,0
21606,0,0,1,0,0,0
21607,0,1,0,0,0,0
21616,0,1,0,0,0,0
21626,0,0,0,1,0,0
21649,1,0,0,0,0,0
21686,1,0,0,0,0,0
21696,1,0,0,0,0,0
21703,0,0,0,1,0,0
21713,0,0,1,0,0,0
21734,0,0,0,1,0,0
21740,0,1,0,0,0,0
21757,0,0,0,1,0,0
21766,1,0,0,0,0,0
21767,0,0,1,0,0,0
21771,1,0,0,0,0,0
21783,1,0,0,0,0,0
21788,1,0,0,0,0,0
21790,0,0,0,1,0,0
21828,0,1,0,0,0,0
21856,0,1,0,0,0,0
21864,1,0,0,0,0,0
21869,0,1,0,0,0,0
21883,1,0,0,0,0,0
21890,0,1,0,0,0,0
21897,0,0,0,1,0,0
21938,0,1,0,0,0,0
21989,1,0,0,0,0,0
22016,1,0,0,0,0,0
22017,1,0,0,0,0,0
22018,0,0,0,0,0,1
22021,1,0,0,0,0,0
22032,0,1,0,0,0,0
22036,1,0,0,0,0,0
22049,1,0,0,0,0,0
22063,0,1,0,0,0,0
22071,0,1,0,0,0,0
22075,0,1,0,0,0,0
22086,0,1,0,0,0,0
22088,1,0,0,0,0,0
22091,0,1,0,0,0,0
22094,0,0,0,1,0,0
22099,0,1,0,0,0,0
22129,1,0,0,0,0,0
22133,1,0,0,0,0,0
22135,1,0,0,0,0,0
22140,0,1,0,0,0,0
22148,0,0,0,1,0,0
22152,0,0,1,0,0,0
22179,0,0,0,0,1,0
22180,0,0,1,0,0,0
22184,0,1,0,0,0,0
22189,0,0,1,0,0,0
22200,0,0,1,0,0,0
22208,1,0,0,0,0,0
22213,0,0,1,0,0,0
22218,1,0,0,0,0,0
22229,0,0,0,1,0,0
22242,1,0,0,0,0,0
22249,0,0,0,0,0,1
22256,0,1,0,0,0,0
22259,1,0,0,0,0,0
22261,1,0,0,0,0,0
22262,0,0,1,0,0,0
22265,1,0,0,0,0,0
22275,1,0,0,0,0,0
22277,0,0,0,0,0,1
22283,0,1,0,0,0,0
22287,1,0,0,0,0,0
22296,1,0,0,0,0,0
22301,0,0,0,1,0,0
22302,1,0,0,0,0,0
22309,0,1,0,0,0,0
22317,0,0,0,0,1,0
22325,1,0,0,0,0,0
22334,0,1,0,0,0,0
22348,0,1,0,0,0,0
22356,0,0,0,1,0,0
22365,0,1,0,0,0,0
22367,1,0,0,0,0,0
22368,0,0,1,0,0,0
22369,1,0,0,0,0,0
22379,1,0,0,0,0,0
22385,0,0,1,0,0,0
22394,0,0,0,1,0,0
22415,1,0,0,0,0,0
22430,0,1,0,0,0,0
22445,0,0,0,0,1,0
22447,0,1,0,0,0,0
22477,1,0,0,0,0,0
22486,0,1,0,0,0,0
22497,0,0,0,1,0,0
22504,1,0,0,0,0,0
22510,0,1,0,0,0,0
22523,1,0,0,0,0,0
22536,1,0,0,0,0,0
22538,0,0,0,1,0,0
22544,0,1,0,0,0,0
22547,0,1,0,0,0,0
22554,0,0,0,1,0,0
22567,0,0,0,0,0,1
22587,0,1,0,0,0,0
22592,1,0,0,0,0,0
22604,0,0,0,0,1,0
22612,0,1,0,0,0,0
22620,0,0,1,0,0,0
22624,0,0,0,0,1,0
22625,0,0,0,1,0,0
22632,0,0,0,1,0,0
22635,0,1,0,0,0,0
22647,1,0,0,0,0,0
22653,0,1,0,0,0,0
22688,0,0,0,1,0,0
22702,1,0,0,0,0,0
22703,0,1,0,0,0,0
22716,0,0,0,0,0,1
22721,1,0,0,0,0,0
22726,0,0,0,0,0,1
22735,0,0,0,1,0,0
22747,0,0,0,0,0,1
22752,0,1,0,0,0,0
22762,0,0,0,1,0,0
22768,0,0,0,1,0,0
22769,0,1,0,0,0,0
22770,1,0,0,0,0,0
22807,1,0,0,0,0,0
22810,0,1,0,0,0,0
22827,1,0,0,0,0,0
22831,1,0,0,0,0,0
22838,0,0,1,0,0,0
22863,1,0,0,0,0,0
22864,1,0,0,0,0,0
22867,0,1,0,0,0,0
22874,1,0,0,0,0,0
22885,0,0,1,0,0,0
22925,0,0,1,0,0,0
22929,1,0,0,0,0,0
22930,0,0,0,0,1,0
22931,1,0,0,0,0,0
22938,1,0,0,0,0,0
22948,0,0,0,1,0,0
22973,0,1,0,0,0,0
22982,1,0,0,0,0,0
22985,0,1,0,0,0,0
23001,0,1,0,0,0,0
23014,0,0,0,1,0,0
23022,1,0,0,0,0,0
23029,0,0,1,0,0,0
23036,0,0,0,1,0,0
23037,1,0,0,0,0,0
23039,1,0,0,0,0,0
23042,0,1,0,0,0,0
23043,0,1,0,0,0,0
23044,1,0,0,0,0,0
23060,0,0,1,0,0,0
23078,0,0,0,0,0,1
23082,0,1,0,0,0,0
23107,1,0,0,0,0,0
23125,1,0,0,0,0,0
23136,0,0,1,0,0,0
23139,0,0,0,0,0,1
23143,0,0,0,0,1,0
23146,1,0,0,0,0,0
23149,1,0,0,0,0,0
23152,0,1,0,0,0,0
23158,1,0,0,0,0,0
23160,1,0,0,0,0,0
23166,0,1,0,0,0,0
23169,1,0,0,0,0,0
23172,0,0,1,0,0,0
23174,1,0,0,0,0,0
23179,0,0,0,1,0,0
23204,1,0,0,0,0,0
23205,0,1,0,0,0,0
23211,0,1,0,0,0,0
23215,0,1,0,0,0,0
23223,1,0,0,0,0,0
23233,0,0,0,0,1,0
23276,1,0,0,0,0,0
23279,0,0,1,0,0,0
23283,0,0,1,0,0,0
23292,0,1,0,0,0,0
23295,1,0,0,0,0,0
23305,0,1,0,0,0,0
23314,0,0,0,0,0,1
23317,1,0,0,0,0,0
23332,0,0,1,0,0,0
23344,0,1,0,0,0,0
23356,0,1,0,0,0,0
23372,0,0,1,0,0,0
23376,1,0,0,0,0,0
23397,1,0,0,0,0,0
23403,1,0,0,0,0,0
23414,1,0,0,0,0,0
23436,1,0,0,0,0,0
23447,0,0,0,0,1,0
23449,1,0,0,0,0,0
23451,1,0,0,0,0,0
23457,0,0,1,0,0,0
23460,0,1,0,0,0,0
23478,0,0,0,1,0,0
23492,0,1,0,0,0,0
23495,0,0,0,0,1,0
23497,1,0,0,0,0,0
23507,1,0,0,0,0,0
23519,1,0,0,0,0,0
23540,0,0,1,0,0,0
23546,0,0,0,0,1,0
23548,0,1,0,0,0,0
23550,1,0,0,0,0,0
23551,0,0,0,1,0,0
23558,0,0,0,0,1,0
23571,0,0,0,1,0,0
23577,0,1,0,0,0,0
23578,0,0,0,1,0,0
23584,1,0,0,0,0,0
23607,0,1,0,0,0,0
23611,1,0,0,0,0,0
23618,0,0,0,1,0,0
23643,1,0,0,0,0,0
23647,0,0,1,0,0,0
23656,1,0,0,0,0,0
23671,0,1,0,0,0,0
23672,1,0,0,0,0,0
23673,0,0,0,0,0,1
23676,1,0,0,0,0,0
23681,0,0,0,1,0,0
23686,0,0,1,0,0,0
23688,0,1,0,0,0,0
23712,1,0,0,0,0,0
23736,0,0,0,0,0,1
23741,1,0,0,0,0,0
23750,1,0,0,0,0,0
23754,0,0,0,1,0,0
23756,0,1,0,0,0,0
23762,1,0,0,0,0,0
23763,0,0,0,1,0,0
23764,0,0,0,1,0,0
23771,0,1,0,0,0,0
23784,0,1,0,0,0,0
23789,0,0,0,0,1,0
23798,0,0,0,1,0,0
23800,0,1,0,0,0,0
23809,1,0,0,0,0,0
23815,0,0,0,1,0,0
23822,0,0,0,0,1,0
23837,0,0,0,1,0,0
23844,0,0,0,1,0,0
23845,1,0,0,0,0,0
23850,0,1,0,0,0,0
23854,1,0,0,0,0,0
23858,1,0,0,0,0,0
23860,1,0,0,0,0,0
23868,1,0,0,0,0,0
23870,1,0,0,0,0,0
23874,0,1,0,0,0,0
23877,1,0,0,0,0,0
23886,0,0,0,0,1,0
23901,1,0,0,0,0,0
23925,0,0,0,0,0,1
23951,1,0,0,0,0,0
23955,0,1,0,0,0,0
23962,1,0,0,0,0,0
23964,0,0,1,0,0,0
23968,0,1,0,0,0,0
23985,0,0,1,0,0,0
24019,1,0,0,0,0,0
24026,0,0,1,0,0,0
24027,1,0,0,0,0,0
24029,1,0,0,0,0,0
24034,1,0,0,0,0,0
24044,0,0,0,0,0,1
24060,0,0,0,0,1,0
24067,0,1,0,0,0,0
24068,1,0,0,0,0,0
24089,0,0,1,0,0,0
24097,0,1,0,0,0,0
24100,0,0,0,1,0,0
24110,0,1,0,0,0,0
24124,1,0,0,0,0,0
24141,0,0,0,1,0,0
24150,0,0,0,1,0,0
24175,0,0,1,0,0,0
24185,0,1,0,0,0,0
24190,1,0,0,0,0,0
24200,0,0,0,0,0,1
24206,0,1,0,0,0,0
24208,0,0,0,1,0,0
24214,0,0,0,0,1,0
24217,1,0,0,0,0,0
24221,1,0,0,0,0,0
24226,0,0,0,0,1,0
24231,0,1,0,0,0,0
24254,1,0,0,0,0,0
24259,1,0,0,0,0,0
24261,0,0,0,0,1,0
24270,0,0,0,0,1,0
24273,0,1,0,0,0,0
24315,0,1,0,0,0,0
24319,0,0,0,0,1,0
24332,1,0,0,0,0,0
24342,1,0,0,0,0,0
24343,1,0,0,0,0,0
24345,0,1,0,0,0,0
24355,0,0,0,0,0,1
24363,0,0,0,1,0,0
24368,1,0,0,0,0,0
24369,0,0,0,1,0,0
24371,0,0,1,0,0,0
24372,0,0,0,1,0,0
24373,0,1,0,0,0,0
24415,1,0,0,0,0,0
24419,1,0,0,0,0,0
24425,1,0,0,0,0,0
24429,0,1,0,0,0,0
24440,0,1,0,0,0,0
24442,0,0,0,1,0,0
24443,1,0,0,0,0,0
24453,0,0,0,0,1,0
24454,0,0,1,0,0,0
24464,1,0,0,0,0,0
24472,1,0,0,0,0,0
24497,1,0,0,0,0,0
24500,1,0,0,0,0,0
24508,0,0,0,0,1,0
24509,1,0,0,0,0,0
24519,1,0,0,0,0,0
24528,0,0,0,0,0,1
24533,0,0,0,0,1,0
24538,1,0,0,0,0,0
24542,0,0,0,0,1,0
24547,0,1,0,0,0,0
24560,1,0,0,0,0,0
24565,0,0,0,1,0,0
24567,1,0,0,0,0,0
24570,1,0,0,0,0,0
24572,0,1,0,0,0,0
24581,0,0,0,0,0,1
24583,1,0,0,0,0,0
24595,0,0,0,0,1,0
24603,1,0,0,0,0,0
24608,1,0,0,0,0,0
24611,1,0,0,0,0,0
24617,1,0,0,0,0,0
24628,0,1,0,0,0,0
24640,0,0,0,0,1,0
24648,0,1,0,0,0,0
24661,0,0,0,1,0,0
24663,0,0,1,0,0,0
24676,0,0,0,0,0,1
24692,0,0,1,0,0,0
24695,1,0,0,0,0,0
24697,1,0,0,0,0,0
24705,1,0,0,0,0,0
24718,1,0,0,0,0,0
24723,1,0,0,0,0,0
24725,0,0,0,0,1,0
24738,0,1,0,0,0,0
24748,1,0,0,0,0,0
24754,1,0,0,0,0,0
24758,0,0,1,0,0,0
24783,1,0,0,0,0,0
24790,0,0,1,0,0,0
24802,1,0,0,0,0,0
24803,0,1,0,0,0,0
24844,1,0,0,0,0,0
24849,0,1,0,0,0,0
24857,1,0,0,0,0,0
24858,0,0,1,0,0,0
24865,0,0,0,0,1,0
24869,0,1,0,0,0,0
24872,1,0,0,0,0,0
24878,0,1,0,0,0,0
24882,0,0,0,1,0,0
24888,1,0,0,0,0,0
24890,1,0,0,0,0,0
24901,1,0,0,0,0,0
24913,0,1,0,0,0,0
24917,0,0,1,0,0,0
24926,1,0,0,0,0,0
24932,1,0,0,0,0,0
24940,0,0,0,0,1,0
24983,0,0,0,0,1,0
24984,0,0,0,0,0,1
24994,1,0,0,0,0,0
24996,0,1,0,0,0,0
25030,1,0,0,0,0,0
25036,0,0,0,1,0,0
25046,0,0,1,0,0,0
25076,1,0,0,0,0,0
25093,0,0,1,0,0,0
25123,0,0,0,1,0,0
25131,0,0,0,0,0,1
25140,1,0,0,0,0,0
25148,1,0,0,0,0,0
25156,0,1,0,0,0,0
25157,0,1,0,0,0,0
25165,0,0,0,1,0,0
25178,0,1,0,0,0,0
25198,0,0,0,0,1,0
25205,0,0,0,1,0,0
25206,1,0,0,0,0,0
25207,0,1,0,0,0,0
25211,1,0,0,0,0,0
25230,1,0,0,0,0,0
25245,1,0,0,0,0,0
25248,1,0,0,0,0,0
25261,0,0,1,0,0,0
25285,0,0,1,0,0,0
25292,0,0,0,0,1,0
25301,1,0,0,0,0,0
25307,0,0,0,1,0,0
25329,0,0,1,0,0,0
25333,1,0,0,0,0,0
25344,0,0,0,0,1,0
25352,1,0,0,0,0,0
25358,0,0,0,1,0,0
25382,0,1,0,0,0,0
25397,0,0,0,0,1,0
25403,0,0,0,0,1,0
25405,0,0,1,0,0,0
25411,0,0,0,0,1,0
25418,0,0,0,1,0,0
25420,0,0,0,0,0,1
25432,0,0,1,0,0,0
25433,0,0,0,1,0,0
25463,1,0,0,0,0,0
25475,0,0,0,1,0,0
25477,0,0,0,0,1,0
25478,0,0,0,1,0,0
25480,1,0,0,0,0,0
25493,1,0,0,0,0,0
25537,1,0,0,0,0,0
25540,0,0,1,0,0,0
25545,0,0,0,0,1,0
25552,0,1,0,0,0,0
25554,0,1,0,0,0,0
25572,0,1,0,0,0,0
25596,1,0,0,0,0,0
25599,1,0,0,0,0,0
25606,0,0,0,1,0,0
25624,0,0,0,0,0,1
25634,0,0,1,0,0,0
25641,0,0,1,0,0,0
25644,0,1,0,0,0,0
25649,1,0,0,0,0,0
25654,0,0,0,0,1,0
25661,0,0,1,0,0,0
25664,1,0,0,0,0,0
25669,1,0,0,0,0,0
25671,1,0,0,0,0,0
25684,1,0,0,0,0,0
25685,1,0,0,0,0,0
25691,0,0,0,1,0,0
25698,0,0,0,1,0,0
25703,1,0,0,0,0,0
25721,0,1,0,0,0,0
25727,0,1,0,0,0,0
25734,0,0,1,0,0,0
25738,0,0,1,0,0,0
25740,0,1,0,0,0,0
25749,0,1,0,0,0,0
25761,0,1,0,0,0,0
25766,1,0,0,0,0,0
25772,0,1,0,0,0,0
25780,0,0,0,1,0,0
25785,0,0,1,0,0,0
25802,0,0,1,0,0,0
25805,1,0,0,0,0,0
25807,1,0,0,0,0,0
25809,0,1,0,0,0,0
25811,0,0,0,0,1,0
25819,1,0,0,0,0,0
25823,1,0,0,0,0,0
25831,1,0,0,0,0,0
25836,1,0,0,0,0,0
25852,0,0,0,0,1,0
25853,0,1,0,0,0,0
25863,1,0,0,0,0,0
25874,1,0,0,0,0,0
25880,0,0,1,0,0,0
25884,1,0,0,0,0,0
25893,0,0,1,0,0,0
25907,1,0,0,0,0,0
25908,0,0,0,0,1,0
25921,0,0,0,0,1,0
25922,0,0,0,1,0,0
25929,1,0,0,0,0,0
25950,0,1,0,0,0,0
25952,0,0,1,0,0,0
25955,0,0,0,0,1,0
25957,0,0,1,0,0,0
25965,0,1,0,0,0,0
25970,1,0,0,0,0,0
25974,0,0,0,1,0,0
25980,0,0,0,0,1,0
25982,0,1,0,0,0,0
25992,0,0,1,0,0,0
26010,1,0,0,0,0,0
26027,0,0,0,0,1,0
26032,0,1,0,0,0,0
26046,1,0,0,0,0,0
26057,0,0,0,0,1,0
26075,0,1,0,0,0,0
26079,1,0,0,0,0,0
26081,0,1,0,0,0,0
26083,0,1,0,0,0,0
26086,0,1,0,0,0,0
26090,0,1,0,0,0,0
26095,0,0,1,0,0,0
26096,1,0,0,0,0,0
26117,0,1,0,0,0,0
26122,0,0,0,1,0,0
26127,1,0,0,0,0,0
26132,1,0,0,0,0,0
26138,1,0,0,0,0,0
26142,0,0,0,1,0,0
26143,0,1,0,0,0,0
26146,0,1,0,0,0,0
26152,1,0,0,0,0,0
26164,1,0,0,0,0,0
26171,0,1,0,0,0,0
26173,1,0,0,0,0,0
26177,0,0,0,1,0,0
26246,0,0,0,1,0,0
26251,1,0,0,0,0,0
26262,1,0,0,0,0,0
26277,1,0,0,0,0,0
26294,0,0,0,0,1,0
26302,0,0,1,0,0,0
26332,1,0,0,0,0,0
26340,0,1,0,0,0,0
26341,0,0,1,0,0,0
26344,0,0,1,0,0,0
26348,0,0,0,1,0,0
26377,0,0,1,0,0,0
26384,0,0,0,1,0,0
26388,0,1,0,0,0,0
26404,0,0,0,1,0,0
26408,1,0,0,0,0,0
26409,0,0,0,0,1,0
26412,1,0,0,0,0,0
26415,0,1,0,0,0,0
26432,0,0,0,0,0,1
26441,0,1,0,0,0,0
26446,1,0,0,0,0,0
26453,1,0,0,0,0,0
26454,0,1,0,0,0,0
26455,1,0,0,0,0,0
26476,0,0,0,0,1,0
26491,0,0,1,0,0,0
26509,0,1,0,0,0,0
26531,0,1,0,0,0,0
26540,1,0,0,0,0,0
26551,1,0,0,0,0,0
26554,0,1,0,0,0,0
26555,0,0,0,0,0,1
26560,1,0,0,0,0,0
26561,1,0,0,0,0,0
26568,1,0,0,0,0,0
26574,0,0,1,0,0,0
26582,1,0,0,0,0,0
26585,0,0,0,0,0,1
26594,0,0,0,1,0,0
26595,0,1,0,0,0,0
26596,1,0,0,0,0,0
26599,0,0,0,0,0,1
26605,1,0,0,0,0,0
26612,1,0,0,0,0,0
26623,0,0,0,0,1,0
26632,1,0,0,0,0,0
26635,1,0,0,0,0,0
26636,0,1,0,0,0,0
26640,1,0,0,0,0,0
26652,0,0,0,0,0,1
26661,0,0,1,0,0,0
26663,0,1,0,0,0,0
26664,0,1,0,0,0,0
26675,1,0,0,0,0,0
26681,0,0,0,0,1,0
26690,1,0,0,0,0,0
26696,0,0,0,0,1,0
26709,1,0,0,0,0,0
26712,0,1,0,0,0,0
26713,0,1,0,0,0,0
26724,1,0,0,0,0,0
26731,1,0,0,0,0,0
26749,0,1,0,0,0,0
26750,1,0,0,0,0,0
26752,0,1,0,0,0,0
26753,0,0,0,1,0,0
26785,0,1,0,0,0,0
26815,1,0,0,0,0,0
26827,0,0,0,0,0,1
26830,0,0,0,1,0,0
26833,0,0,1,0,0,0
26835,0,1,0,0,0,0
26839,1,0,0,0,0,0
26842,1,0,0,0,0,0
26848,0,1,0,0,0,0
26852,0,0,0,0,0,1
26866,1,0,0,0,0,0
26876,0,0,1,0,0,0
26884,1,0,0,0,0,0
26892,0,0,0,0,0,1
26894,1,0,0,0,0,0
26901,0,1,0,0,0,0
26953,1,0,0,0,0,0
26960,0,1,0,0,0,0
26974,1,0,0,0,0,0
26981,0,0,0,0,0,1
26983,0,0,0,1,0,0
26986,0,0,1,0,0,0
26989,1,0,0,0,0,0
26990,0,1,0,0,0,0
26996,0,0,0,1,0,0
27007,0,1,0,0,0,0
27015,1,0,0,0,0,0
27042,1,0,0,0,0,0
27061,0,0,1,0,0,0
27100,1,0,0,0,0,0
27102,1,0,0,0,0,0
27116,1,0,0,0,0,0
27119,1,0,0,0,0,0
27122,0,1,0,0,0,0
27127,0,1,0,0,0,0
27147,0,1,0,0,0,0
27149,0,0,0,1,0,0
27159,0,1,0,0,0,0
27163,1,0,0,0,0,0
27164,0,0,0,0,0,1
27173,0,0,1,0,0,0
27179,0,1,0,0,0,0
27181,0,0,1,0,0,0
27191,0,0,1,0,0,0
27194,1,0,0,0,0,0
27200,0,0,1,0,0,0
27206,0,0,1,0,0,0
27208,1,0,0,0,0,0
27236,0,0,0,1,0,0
27249,0,0,0,0,1,0
27250,0,0,0,1,0,0
27256,1,0,0,0,0,0
27272,1,0,0,0,0,0
27274,1,0,0,0,0,0
27281,0,1,0,0,0,0
27289,1,0,0,0,0,0
27296,1,0,0,0,0,0
27317,0,0,0,1,0,0
27321,0,0,0,1,0,0
27365,1,0,0,0,0,0
27367,0,0,1,0,0,0
27377,0,0,0,1,0,0
27395,1,0,0,0,0,0
27409,0,0,0,0,0,1
27426,0,1,0,0,0,0
27447,0,1,0,0,0,0
27456,0,0,0,0,1,0
27459,0,0,0,1,0,0
27469,0,0,1,0,0,0
27473,0,0,0,1,0,0
27482,0,0,0,1,0,0
27491,1,0,0,0,0,0
27512,0,1,0,0,0,0
27528,0,0,0,0,1,0
27558,1,0,0,0,0,0
27566,0,1,0,0,0,0
27581,0,0,1,0,0,0
27591,1,0,0,0,0,0
27602,1,0,0,0,0,0
27605,0,0,0,1,0,0
27607,0,0,0,0,0,1
27622,1,0,0,0,0,0
27636,1,0,0,0,0,0
27639,0,0,0,1,0,0
27644,1,0,0,0,0,0
27652,1,0,0,0,0,0
27654,0,1,0,0,0,0
27683,0,0,1,0,0,0
27693,0,0,0,1,0,0
27713,1,0,0,0,0,0
27716,1,0,0,0,0,0
27725,0,0,0,1,0,0
27738,0,1,0,0,0,0
27753,1,0,0,0,0,0
27771,0,1,0,0,0,0
27801,1,0,0,0,0,0
27805,1,0,0,0,0,0
27832,1,0,0,0,0,0
27853,0,0,0,1,0,0
27854,1,0,0,0,0,0
27874,1,0,0,0,0,0
27887,0,1,0,0,0,0
27892,0,0,0,1,0,0
27898,0,0,0,1,0,0
27900,1,0,0,0,0,0
27908,0,1,0,0,0,0
27911,0,1,0,0,0,0
27924,0,0,1,0,0,0
27937,0,1,0,0,0,0
27944,0,1,0,0,0,0
27974,0,0,0,1,0,0
27982,0,0,1,0,0,0
28004,0,0,0,1,0,0
28008,0,0,0,1,0,0
28049,0,0,1,0,0,0
28050,0,0,0,1,0,0
28055,1,0,0,0,0,0
28059,0,1,0,0,0,0
28069,1,0,0,0,0,0
28074,0,0,1,0,0,0
28076,1,0,0,0,0,0
28085,1,0,0,0,0,0
28086,0,0,0,1,0,0
28094,0,0,0,0,1,0
28097,0,0,0,0,1,0
28112,0,0,0,1,0,0
28126,1,0,0,0,0,0
28131,0,0,0,1,0,0
28167,0,1,0,0,0,0
28168,0,0,0,0,1,0
28189,1,0,0,0,0,0
28209,0,0,0,1,0,0
28212,1,0,0,0,0,0
28218,1,0,0,0,0,0
28223,0,1,0,0,0,0
28226,1,0,0,0,0,0
28230,0,0,0,0,1,0
28242,1,0,0,0,0,0
28253,1,0,0,0,0,0
28265,1,0,0,0,0,0
28273,0,0,0,1,0,0
28275,1,0,0,0,0,0
28277,0,1,0,0,0,0
28298,0,0,0,1,0,0
28299,0,0,1,0,0,0
28306,1,0,0,0,0,0
28341,0,0,0,1,0,0
28344,1,0,0,0,0,0
28350,1,0,0,0,0,0
28366,0,0,0,1,0,0
28373,1,0,0,0,0,0
28375,1,0,0,0,0,0
28404,0,1,0,0,0,0
28416,0,0,0,0,1,0
28420,0,0,0,0,0,1
28431,1,0,0,0,0,0
28448,0,0,0,1,0,0
28449,1,0,0,0,0,0
28466,0,0,0,1,0,0
28470,0,1,0,0,0,0
28476,0,0,0,0,1,0
28489,1,0,0,0,0,0
28493,0,0,0,0,1,0
28510,1,0,0,0,0,0
28524,1,0,0,0,0,0
28538,0,1,0,0,0,0
28545,0,0,1,0,0,0
28563,1,0,0,0,0,0
28565,0,1,0,0,0,0
28566,0,0,1,0,0,0
28567,1,0,0,0,0,0
28568,0,0,0,0,1,0
28575,0,0,0,1,0,0
28595,1,0,0,0,0,0
28598,1,0,0,0,0,0
28623,1,0,0,0,0,0
28674,0,0,0,0,0,1
28676,0,0,0,1,0,0
28680,0,0,1,0,0,0
28692,1,0,0,0,0,0
28695,1,0,0,0,0,0
28700,0,0,0,1,0,0
28701,1,0,0,0,0,0
28742,0,0,0,1,0,0
28746,0,0,1,0,0,0
28747,0,0,0,0,0,1
28752,0,0,0,1,0,0
28755,1,0,0,0,0,0
28774,0,1,0,0,0,0
28775,0,0,0,0,1,0
28777,1,0,0,0,0,0
28782,0,1,0,0,0,0
28796,1,0,0,0,0,0
28804,1,0,0,0,0,0
28805,1,0,0,0,0,0
28813,0,1,0,0,0,0
28831,0,0,0,0,1,0
28839,1,0,0,0,0,0
28846,0,0,0,1,0,0
28863,0,0,1,0,0,0
28867,0,0,0,0,1,0
28893,1,0,0,0,0,0
28896,0,0,1,0,0,0
28909,1,0,0,0,0,0
28919,1,0,0,0,0,0
28925,0,0,0,1,0,0
28928,0,1,0,0,0,0
28939,1,0,0,0,0,0
28941,1,0,0,0,0,0
28954,0,1,0,0,0,0
28958,0,0,1,0,0,0
28981,0,1,0,0,0,0
28997,1,0,0,0,0,0
29010,0,0,0,0,0,1
29011,0,0,0,0,1,0
29033,1,0,0,0,0,0
29074,1,0,0,0,0,0
29089,1,0,0,0,0,0
29098,0,1,0,0,0,0
29106,0,0,0,1,0,0
29107,0,1,0,0,0,0
29108,1,0,0,0,0,0
29116,0,0,0,0,1,0
29125,0,0,0,1,0,0
29135,0,0,0,1,0,0
29145,0,0,0,1,0,0
29157,0,0,0,0,0,1
29165,0,1,0,0,0,0
29171,1,0,0,0,0,0
29176,0,1,0,0,0,0
29194,1,0,0,0,0,0
29222,1,0,0,0,0,0
29230,0,0,1,0,0,0
29238,0,1,0,0,0,0
29246,0,1,0,0,0,0
29251,1,0,0,0,0,0
29252,0,1,0,0,0,0
29257,0,0,1,0,0,0
29258,1,0,0,0,0,0
29265,0,0,1,0,0,0
29266,0,0,0,1,0,0
29272,0,0,0,1,0,0
29286,0,1,0,0,0,0
29289,0,0,0,0,0,1
29298,0,0,0,0,1,0
29299,0,1,0,0,0,0
29327,0,0,0,1,0,0
29342,1,0,0,0,0,0
29346,0,0,1,0,0,0
29374,1,0,0,0,0,0
29383,1,0,0,0,0,0
29391,0,0,1,0,0,0
29393,0,0,0,1,0,0
29394,0,0,1,0,0,0
29406,0,1,0,0,0,0
29408,1,0,0,0,0,0
29413,0,0,0,0,1,0
29421,0,0,0,0,0,1
29428,0,0,0,1,0,0
29429,1,0,0,0,0,0
29441,0,0,0,1,0,0
29442,0,0,0,0,1,0
29464,1,0,0,0,0,0
29474,0,0,0,0,1,0
29475,0,1,0,0,0,0
29508,0,1,0,0,0,0
29514,1,0,0,0,0,0
29519,1,0,0,0,0,0
29527,0,1,0,0,0,0
29539,0,1,0,0,0,0
29560,1,0,0,0,0,0
29581,0,0,1,0,0,0
29588,0,0,0,0,0,1
29591,1,0,0,0,0,0
29594,0,1,0,0,0,0
29599,1,0,0,0,0,0
29603,1,0,0,0,0,0
29605,0,0,0,1,0,0
29609,0,0,0,0,1,0
29627,0,1,0,0,0,0
29634,0,0,0,0,0,1
29647,0,0,0,0,1,0
29666,1,0,0,0,0,0
29674,1,0,0,0,0,0
29681,0,1,0,0,0,0
29693,0,0,0,0,0,1
29710,1,0,0,0,0,0
29717,1,0,0,0,0,0
29722,0,0,0,1,0,0
29735,1,0,0,0,0,0
29736,0,1,0,0,0,0
29752,1,0,0,0,0,0
29759,0,0,0,0,1,0
29760,0,0,1,0,0,0
29799,1,0,0,0,0,0
29802,0,1,0,0,0,0
29816,0,1,0,0,0,0
29818,1,0,0,0,0,0
29820,0,1,0,0,0,0
29826,0,0,1,0,0,0
29827,0,1,0,0,0,0
29839,0,0,0,1,0,0
29845,1,0,0,0,0,0
29846,0,0,0,0,0,1
29858,0,0,0,1,0,0
29865,0,0,0,0,1,0
29886,0,0,0,1,0,0
29889,1,0,0,0,0,0
29890,0,1,0,0,0,0
29894,1,0,0,0,0,0
29898,1,0,0,0,0,0
29902,1,0,0,0,0,0
29904,1,0,0,0,0,0
29941,0,1,0,0,0,0
29942,0,1,0,0,0,0
29943,1,0,0,0,0,0
29951,1,0,0,0,0,0
29960,0,0,0,0,0,1
29962,0,0,1,0,0,0
29963,0,0,0,1,0,0
29968,1,0,0,0,0,0
29976,1,0,0,0,0,0
29981,0,0,0,1,0,0
29992,0,0,1,0,0,0
29993,1,0,0,0,0,0
29999,0,1,0,0,0,0
30002,0,0,0,1,0,0
30006,1,0,0,0,0,0
30008,1,0,0,0,0,0
30017,0,0,1,0,0,0
30027,0,0,1,0,0,0
30029,1,0,0,0,0,0
30035,0,1,0,0,0,0
30037,0,1,0,0,0,0
30038,0,0,0,1,0,0
30065,1,0,0,0,0,0
30067,0,0,1,0,0,0
30072,0,0,0,0,1,0
30084,0,1,0,0,0,0
30095,0,1,0,0,0,0
30120,0,0,0,1,0,0
30132,1,0,0,0,0,0
30158,0,0,0,1,0,0
30162,0,1,0,0,0,0
30165,1,0,0,0,0,0
30166,1,0,0,0,0,0
30169,0,1,0,0,0,0
30177,0,1,0,0,0,0
30197,1,0,0,0,0,0
30202,0,0,1,0,0,0
30211,1,0,0,0,0,0
30217,0,0,1,0,0,0
30218,0,0,0,0,1,0
30222,1,0,0,0,0,0
30232,1,0,0,0,0,0
30252,0,0,0,1,0,0
30256,1,0,0,0,0,0
30275,1,0,0,0,0,0
30287,1,0,0,0,0,0
30296,0,0,0,1,0,0
30306,0,0,1,0,0,0
30308,0,0,0,1,0,0
30313,0,0,0,0,1,0
30323,0,1,0,0,0,0
30325,0,0,1,0,0,0
30329,0,1,0,0,0,0
30331,1,0,0,0,0,0
30346,0,1,0,0,0,0
30373,1,0,0,0,0,0
30381,0,0,0,1,0,0
30383,1,0,0,0,0,0
30387,1,0,0,0,0,0
30392,1,0,0,0,0,0
30399,1,0,0,0,0,0
30405,0,0,0,0,1,0
30430,1,0,0,0,0,0
30439,0,0,1,0,0,0
30441,0,1,0,0,0,0
30445,0,0,0,1,0,0
30459,0,1,0,0,0,0
30473,1,0,0,0,0,0
30480,0,0,0,0,0,1
30483,1,0,0,0,0,0
30489,1,0,0,0,0,0
30494,0,0,0,1,0,0
30499,0,0,1,0,0,0
30503,1,0,0,0,0,0
30536,1,0,0,0,0,0
30542,1,0,0,0,0,0
30543,0,1,0,0,0,0
30544,0,1,0,0,0,0
30560,1,0,0,0,0,0
30576,0,0,0,0,0,1
30584,1,0,0,0,0,0
30588,1,0,0,0,0,0
30590,0,1,0,0,0,0
30625,1,0,0,0,0,0
30631,0,1,0,0,0,0
30632,0,0,0,1,0,0
30660,1,0,0,0,0,0
30675,0,0,0,0,0,1
30688,0,0,1,0,0,0
30713,0,0,0,0,1,0
30743,0,1,0,0,0,0
30746,0,1,0,0,0,0
30747,1,0,0,0,0,0
30765,0,0,0,1,0,0
30767,0,1,0,0,0,0
30773,0,0,0,1,0,0
30777,0,0,0,0,1,0
30789,0,1,0,0,0,0
30798,0,0,1,0,0,0
30804,1,0,0,0,0,0
30811,1,0,0,0,0,0
30817,0,0,1,0,0,0
30836,0,0,1,0,0,0
30840,1,0,0,0,0,0
30845,0,1,0,0,0,0
30854,0,0,0,0,1,0
30855,0,0,0,1,0,0
30858,1,0,0,0,0,0
30859,0,0,1,0,0,0
30860,0,0,0,1,0,0
30872,0,1,0,0,0,0
30875,1,0,0,0,0,0
30889,1,0,0,0,0,0
30918,0,1,0,0,0,0
30920,0,0,0,0,0,1
30923,0,1,0,0,0,0
30925,0,1,0,0,0,0
30929,1,0,0,0,0,0
30932,0,0,1,0,0,0
30952,1,0,0,0,0,0
30971,1,0,0,0,0,0
30975,1,0,0,0,0,0
30977,0,0,0,0,1,0
30980,1,0,0,0,0,0
30989,0,0,0,0,1,0
30993,0,1,0,0,0,0
31000,1,0,0,0,0,0
31001,0,1,0,0,0,0
31013,0,1,0,0,0,0
31026,1,0,0,0,0,0
31028,0,0,0,0,0,1
31034,1,0,0,0,0,0
31039,1,0,0,0,0,0
31048,0,0,1,0,0,0
31050,0,0,1,0,0,0
31056,1,0,0,0,0,0
31059,1,0,0,0,0,0
31060,0,0,0,0,0,1
31064,0,1,0,0,0,0
31065,0,1,0,0,0,0
31075,1,0,0,0,0,0
31079,0,0,1,0,0,0
31090,0,0,0,1,0,0
31096,0,1,0,0,0,0
31114,1,0,0,0,0,0
31115,0,1,0,0,0,0
31116,0,0,0,1,0,0
31157,0,0,1,0,0,0
31166,1,0,0,0,0,0
31168,1,0,0,0,0,0
31181,0,0,0,1,0,0
31186,0,1,0,0,0,0
31198,0,1,0,0,0,0
31208,0,0,1,0,0,0
31218,1,0,0,0,0,0
31224,1,0,0,0,0,0
31226,1,0,0,0,0,0
31236,1,0,0,0,0,0
31253,1,0,0,0,0,0
31278,1,0,0,0,0,0
31280,0,1,0,0,0,0
31282,1,0,0,0,0,0
31288,0,0,0,0,0,1
31292,1,0,0,0,0,0
31308,1,0,0,0,0,0
31317,0,0,0,1,0,0
31322,1,0,0,0,0,0
31324,0,0,0,0,0,1
31349,1,0,0,0,0,0
31354,0,0,1,0,0,0
31355,1,0,0,0,0,0
31364,0,0,1,0,0,0
31425,1,0,0,0,0,0
31432,0,1,0,0,0,0
31437,1,0,0,0,0,0
31444,0,0,0,1,0,0
31449,1,0,0,0,0,0
31450,0,0,0,0,1,0
31453,0,1,0,0,0,0
31463,0,1,0,0,0,0
31505,1,0,0,0,0,0
31515,1,0,0,0,0,0
31525,1,0,0,0,0,0
31529,0,1,0,0,0,0
31552,1,0,0,0,0,0
31558,0,0,0,0,1,0
31586,0,0,1,0,0,0
31600,0,0,1,0,0,0
31626,0,0,0,0,0,1
31631,1,0,0,0,0,0
31634,0,0,0,0,1,0
31637,1,0,0,0,0,0
31647,0,0,0,0,1,0
31655,0,0,0,0,1,0
31658,1,0,0,0,0,0
31668,1,0,0,0,0,0
31675,0,1,0,0,0,0
31681,1,0,0,0,0,0
31690,0,0,0,0,0,1
31705,0,1,0,0,0,0
31714,0,0,0,1,0,0
31717,1,0,0,0,0,0
31726,0,0,0,0,0,1
31739,1,0,0,0,0,0
31759,0,0,0,1,0,0
31767,0,0,0,1,0,0
31780,0,1,0,0,0,0
31793,0,0,0,0,1,0
31809,1,0,0,0,0,0
31811,0,1,0,0,0,0
31814,0,0,0,1,0,0
31856,1,0,0,0,0,0
31895,0,0,1,0,0,0
31900,0,0,1,0,0,0
31921,0,1,0,0,0,0
31939,0,1,0,0,0,0
31952,1,0,0,0,0,0
31953,0,0,0,1,0,0
31965,0,1,0,0,0,0
31971,0,0,0,0,1,0
32004,1,0,0,0,0,0
32018,0,0,1,0,0,0
32032,0,0,1,0,0,0
32056,0,1,0,0,0,0
32057,0,0,1,0,0,0
32092,0,1,0,0,0,0
32093,1,0,0,0,0,0
32112,1,0,0,0,0,0
32116,1,0,0,0,0,0
32124,1,0,0,0,0,0
32138,0,1,0,0,0,0
32160,1,0,0,0,0,0
32178,1,0,0,0,0,0
32190,0,0,0,0,0,1
32210,1,0,0,0,0,0
32213,1,0,0,0,0,0
32227,1,0,0,0,0,0
32228,1,0,0,0,0,0
32236,0,1,0,0,0,0
32239,1,0,0,0,0,0
32259,0,0,0,0,1,0
32268,0,1,0,0,0,0
32272,0,1,0,0,0,0
32284,1,0,0,0,0,0
32289,1,0,0,0,0,0
32293,0,0,0,1,0,0
32294,0,1,0,0,0,0
32306,0,0,1,0,0,0
32307,0,0,0,1,0,0
32325,0,1,0,0,0,0
32333,0,1,0,0,0,0
32346,1,0,0,0,0,0
32348,1,0,0,0,0,0
32382,1,0,0,0,0,0
32383,1,0,0,0,0,0
32403,0,0,0,1,0,0
32404,0,0,0,1,0,0
32406,0,1,0,0,0,0
32410,0,0,0,1,0,0
32416,0,0,0,0,1,0
32427,1,0,0,0,0,0
32435,1,0,0,0,0,0
32446,0,0,1,0,0,0
32451,0,0,1,0,0,0
32467,1,0,0,0,0,0
32477,0,0,0,0,1,0
32486,1,0,0,0,0,0
32487,0,1,0,0,0,0
32496,1,0,0,0,0,0
32514,1,0,0,0,0,0
32534,1,0,0,0,0,0
32549,0,0,1,0,0,0
32550,0,1,0,0,0,0
32560,1,0,0,0,0,0
32565,1,0,0,0,0,0
32584,0,0,1,0,0,0
32590,0,0,0,1,0,0
32593,1,0,0,0,0,0
32606,0,0,0,0,1,0
32613,1,0,0,0,0,0
32618,1,0,0,0,0,0
32623,1,0,0,0,0,0
32627,0,0,1,0,0,0
32634,0,0,0,0,1,0
32637,1,0,0,0,0,0
32639,1,0,0,0,0,0
32660,0,0,0,1,0,0
32669,0,0,0,0,1,0
32671,0,1,0,0,0,0
32676,1,0,0,0,0,0
32682,1,0,0,0,0,0
32686,0,0,0,0,0,1
32734,1,0,0,0,0,0
32744,0,0,1,0,0,0
32754,1,0,0,0,0,0
32758,0,1,0,0,0,0
32761,0,0,0,0,0,1
32766,0,1,0,0,0,0
32791,0,0,1,0,0,0
32792,0,0,0,1,0,0
32793,0,0,1,0,0,0
32795,0,1,0,0,0,0
32808,0,0,0,0,0,1
32822,0,0,0,1,0,0
32850,0,1,0,0,0,0
32853,1,0,0,0,0,0
32867,1,0,0,0,0,0
32869,0,0,0,0,1,0
32872,1,0,0,0,0,0
32899,1,0,0,0,0,0
32905,0,1,0,0,0,0
32909,0,0,0,0,1,0
32949,0,0,0,0,1,0
32950,0,0,0,1,0,0
32956,1,0,0,0,0,0
32969,1,0,0,0,0,0
32971,1,0,0,0,0,0
32974,1,0,0,0,0,0
32977,0,0,0,0,0,1
32983,1,0,0,0,0,0
32984,0,0,0,0,1,0
32989,0,0,0,1,0,0
32994,0,0,0,0,0,1
33002,0,0,1,0,0,0
33020,0,1,0,0,0,0
33032,0,0,0,0,0,1
33033,0,1,0,0,0,0
33044,1,0,0,0,0,0
33066,0,0,0,1,0,0
33076,0,1,0,0,0,0
33101,1,0,0,0,0,0
33102,0,0,0,0,1,0
33117,1,0,0,0,0,0
33141,0,0,0,1,0,0
33168,0,0,1,0,0,0
33179,0,1,0,0,0,0
33180,0,0,0,0,1,0
33188,1,0,0,0,0,0
33206,1,0,0,0,0,0
33209,0,1,0,0,0,0
33217,1,0,0,0,0,0
33218,1,0,0,0,0,0
33225,1,0,0,0,0,0
33240,1,0,0,0,0,0
33254,0,0,0,0,0,1
33258,0,1,0,0,0,0
33269,0,0,1,0,0,0
33275,1,0,0,0,0,0
33277,0,1,0,0,0,0
33281,0,0,1,0,0,0
33292,0,0,0,0,1,0
33296,1,0,0,0,0,0
33302,0,1,0,0,0,0
33314,0,0,1,0,0,0
33318,0,0,0,0,1,0
33326,1,0,0,0,0,0
33369,0,0,1,0,0,0
33370,1,0,0,0,0,0
33384,1,0,0,0,0,0
33392,1,0,0,0,0,0
33437,0,1,0,0,0,0
33456,0,0,0,0,0,1
33457,0,0,0,1,0,0
33477,0,0,0,1,0,0
33479,1,0,0,0,0,0
33483,0,0,0,1,0,0
33513,0,1,0,0,0,0
33522,1,0,0,0,0,0
33556,1,0,0,0,0,0
33558,1,0,0,0,0,0
33560,0,1,0,0,0,0
33561,0,0,0,0,1,0
33575,0,1,0,0,0,0
33579,1,0,0,0,0,0
33581,0,1,0,0,0,0
33587,1,0,0,0,0,0
33605,0,0,0,1,0,0
33615,0,0,1,0,0,0
33643,1,0,0,0,0,0
33654,0,0,0,0,1,0
33657,0,0,0,0,0,1
33668,1,0,0,0,0,0
33670,0,0,0,0,1,0
33678,0,0,0,1,0,0
33682,0,1,0,0,0,0
33684,1,0,0,0,0,0
33685,0,0,0,0,0,1
33712,0,1,0,0,0,0
33715,0,1,0,0,0,0
33740,1,0,0,0,0,0
33751,1,0,0,0,0,0
33764,1,0,0,0,0,0
33771,1,0,0,0,0,0
33772,0,0,0,1,0,0
33786,0,0,0,0,1,0
33788,0,0,0,0,1,0
33793,1,0,0,0,0,0
33800,0,0,1,0,0,0
33805,0,0,1,0,0,0
33811,0,1,0,0,0,0
33835,0,0,1,0,0,0
33847,1,0,0,0,0,0
33849,0,1,0,0,0,0
33869,1,0,0,0,0,0
33872,0,0,0,1,0,0
33879,0,0,0,1,0,0
33891,1,0,0,0,0,0
33904,1,0,0,0,0,0
33908,0,0,1,0,0,0
33913,0,1,0,0,0,0
33949,0,1,0,0,0,0
33952,0,1,0,0,0,0
33965,0,0,0,1,0,0
33985,0,0,1,0,0,0
33988,1,0,0,0,0,0
34028,1,0,0,0,0,0
34035,1,0,0,0,0,0
34036,0,0,0,1,0,0
34037,1,0,0,0,0,0
34059,0,1,0,0,0,0
34068,1,0,0,0,0,0
34079,0,0,0,1,0,0
34085,0,0,0,1,0,0
34106,0,1,0,0,0,0
34107,1,0,0,0,0,0
34109,0,1,0,0,0,0
34122,0,0,1,0,0,0
34124,1,0,0,0,0,0
34139,0,1,0,0,0,0
34140,0,1,0,0,0,0
34143,0,1,0,0,0,0
34146,0,1,0,0,0,0
34163,0,0,0,0,1,0
34171,1,0,0,0,0,0
34192,0,0,0,1,0,0
34195,0,0,0,0,0,1
34201,0,0,1,0,0,0
34221,1,0,0,0,0,0
34229,0,0,0,1,0,0
34240,0,0,1,0,0,0
34242,0,0,0,1,0,0
34256,0,1,0,0,0,0
34269,1,0,0,0,0,0
34304,0,0,0,0,0,1
34314,1,0,0,0,0,0
34319,0,1,0,0,0,0
34322,0,0,0,0,1,0
34336,0,0,1,0,0,0
34338,0,0,0,0,1,0
34359,1,0,0,0,0,0
34363,1,0,0,0,0,0
34380,0,0,0,1,0,0
34381,0,1,0,0,0,0
34398,0,0,0,0,1,0
34402,1,0,0,0,0,0
34403,0,0,0,0,1,0
34417,1,0,0,0,0,0
34419,1,0,0,0,0,0
34422,1,0,0,0,0,0
34428,1,0,0,0,0,0
34433,1,0,0,0,0,0
34444,1,0,0,0,0,0
34449,0,1,0,0,0,0
34456,1,0,0,0,0,0
34471,0,1,0,0,0,0
34497,1,0,0,0,0,0
34504,1,0,0,0,0,0
34506,0,0,0,1,0,0
34515,0,0,0,0,1,0
34557,0,0,1,0,0,0
34565,0,1,0,0,0,0
34566,1,0,0,0,0,0
34572,1,0,0,0,0,0
34604,1,0,0,0,0,0
34610,0,1,0,0,0,0
34621,0,0,0,0,1,0
34622,0,0,0,0,0,1
34631,1,0,0,0,0,0
34650,0,0,0,1,0,0
34684,0,1,0,0,0,0
34691,0,0,0,1,0,0
34695,1,0,0,0,0,0
34696,0,0,1,0,0,0
34701,0,0,0,0,1,0
34706,0,0,0,0,1,0
34712,0,1,0,0,0,0
34714,0,1,0,0,0,0
34722,0,0,1,0,0,0
34736,0,1,0,0,0,0
34741,1,0,0,0,0,0
34753,1,0,0,0,0,0
34754,0,1,0,0,0,0
34755,1,0,0,0,0,0
34757,0,0,1,0,0,0
34763,0,0,0,1,0,0
34776,0,1,0,0,0,0
34794,1,0,0,0,0,0
34822,1,0,0,0,0,0
34831,0,0,0,0,1,0
34834,0,0,0,1,0,0
34839,1,0,0,0,0,0
34850,1,0,0,0,0,0
34855,0,1,0,0,0,0
34866,0,0,0,0,1,0
34869,1,0,0,0,0,0
34893,1,0,0,0,0,0
34897,1,0,0,0,0,0
34900,1,0,0,0,0,0
34906,0,1,0,0,0,0
34909,1,0,0,0,0,0
34911,0,0,1,0,0,0
34915,1,0,0,0,0,0
34916,1,0,0,0,0,0
34922,0,0,0,0,1,0
34932,0,1,0,0,0,0
34933,0,0,0,1,0,0
34937,1,0,0,0,0,0
34939,0,1,0,0,0,0
34942,1,0,0,0,0,0
34959,0,1,0,0,0,0
34972,0,1,0,0,0,0
34975,0,0,0,0,0,1
34976,1,0,0,0,0,0
34990,1,0,0,0,0,0
35018,0,0,0,0,1,0
35020,1,0,0,0,0,0
35048,0,0,0,1,0,0
35052,1,0,0,0,0,0
35061,1,0,0,0,0,0
35092,1,0,0,0,0,0
35098,0,1,0,0,0,0
35099,0,0,0,0,0,1
35103,0,0,0,1,0,0
35112,0,1,0,0,0,0
35119,0,0,1,0,0,0
35128,0,1,0,0,0,0
35133,1,0,0,0,0,0
35144,0,0,0,0,0,1
35154,0,1,0,0,0,0
35160,1,0,0,0,0,0
35190,0,0,0,1,0,0
35194,1,0,0,0,0,0
35195,1,0,0,0,0,0
35200,0,0,1,0,0,0
35203,1,0,0,0,0,0
35206,1,0,0,0,0,0
35207,0,0,0,0,1,0
35209,0,0,0,1,0,0
35222,1,0,0,0,0,0
35223,1,0,0,0,0,0
35235,0,1,0,0,0,0
35243,1,0,0,0,0,0
35257,1,0,0,0,0,0
35280,1,0,0,0,0,0
35306,0,0,1,0,0,0
35312,1,0,0,0,0,0
35316,0,1,0,0,0,0
35337,0,1,0,0,0,0
35354,1,0,0,0,0,0
35365,1,0,0,0,0,0
35366,0,0,1,0,0,0
35367,0,0,0,0,1,0
35370,1,0,0,0,0,0
35379,0,0,0,0,1,0
35401,1,0,0,0,0,0
35416,0,0,0,0,1,0
35418,1,0,0,0,0,0
35445,0,0,0,0,0,1
35457,0,0,0,1,0,0
35459,1,0,0,0,0,0
35464,1,0,0,0,0,0
35480,0,1,0,0,0,0
35487,0,0,1,0,0,0
35492,0,0,0,0,1,0
35517,1,0,0,0,0,0
35518,0,1,0,0,0,0
35527,0,1,0,0,0,0
35529,1,0,0,0,0,0
35535,1,0,0,0,0,0
35543,0,0,0,1,0,0
35558,0,0,0,0,1,0
35565,0,1,0,0,0,0
35572,1,0,0,0,0,0
35578,1,0,0,0,0,0
35599,0,0,0,0,1,0
35602,0,1,0,0,0,0
35631,1,0,0,0,0,0
35633,1,0,0,0,0,0
35635,1,0,0,0,0,0
35646,1,0,0,0,0,0
35653,1,0,0,0,0,0
35655,1,0,0,0,0,0
35659,1,0,0,0,0,0
35662,0,1,0,0,0,0
35681,1,0,0,0,0,0
35709,1,0,0,0,0,0
35712,0,0,1,0,0,0
35721,0,0,0,1,0,0
35738,0,1,0,0,0,0
35745,0,0,1,0,0,0
35754,0,0,0,1,0,0
35767,0,0,0,1,0,0
35769,0,0,0,1,0,0
35775,1,0,0,0,0,0
35778,1,0,0,0,0,0
35792,0,1,0,0,0,0
35807,0,0,1,0,0,0
35836,0,1,0,0,0,0
35848,1,0,0,0,0,0
35853,1,0,0,0,0,0
35854,1,0,0,0,0,0
35861,0,0,0,1,0,0
35887,0,0,0,0,1,0
35903,1,0,0,0,0,0
35913,0,0,0,0,1,0
35921,1,0,0,0,0,0
35928,0,1,0,0,0,0
35967,1,0,0,0,0,0
35983,0,0,1,0,0,0
35992,1,0,0,0,0,0
36000,1,0,0,0,0,0
36002,1,0,0,0,0,0
36032,0,1,0,0,0,0
36045,0,0,0,1,0,0
36056,0,0,0,1,0,0
36070,0,0,1,0,0,0
36078,0,0,0,0,0,1
36079,0,1,0,0,0,0
36090,1,0,0,0,0,0
36140,0,1,0,0,0,0
36160,1,0,0,0,0,0
36165,1,0,0,0,0,0
36172,0,0,0,1,0,0
36193,1,0,0,0,0,0
36204,0,0,0,1,0,0
36207,1,0,0,0,0,0
36215,1,0,0,0,0,0
36219,0,0,0,1,0,0
36220,0,0,1,0,0,0
36223,1,0,0,0,0,0
36243,1,0,0,0,0,0
36252,0,0,0,0,1,0
36276,0,0,0,1,0,0
36295,1,0,0,0,0,0
36296,0,0,1,0,0,0
36332,0,0,1,0,0,0
36349,1,0,0,0,0,0
36367,1,0,0,0,0,0
36380,1,0,0,0,0,0
36412,0,1,0,0,0,0
36416,0,0,0,1,0,0
36426,0,1,0,0,0,0
36433,1,0,0,0,0,0
36455,0,0,0,1,0,0
36463,0,1,0,0,0,0
36472,0,0,0,1,0,0
36475,0,0,1,0,0,0
36480,1,0,0,0,0,0
36482,0,1,0,0,0,0
36486,1,0,0,0,0,0
36489,1,0,0,0,0,0
36520,0,0,0,1,0,0
36525,0,0,0,0,1,0
36530,0,0,0,0,0,1
36537,0,0,1,0,0,0
36559,1,0,0,0,0,0
36579,0,0,0,0,1,0
36581,0,0,0,1,0,0
36583,0,1,0,0,0,0
36598,1,0,0,0,0,0
36611,1,0,0,0,0,0
36616,0,0,0,1,0,0
36627,1,0,0,0,0,0
36629,0,0,1,0,0,0
36652,0,0,0,1,0,0
36655,0,0,1,0,0,0
36661,0,1,0,0,0,0
36662,0,0,1,0,0,0
36663,0,0,0,0,1,0
36670,1,0,0,0,0,0
36681,0,1,0,0,0,0
36687,0,1,0,0,0,0
36709,0,0,0,0,0,1
36726,0,0,1,0,0,0
36740,1,0,0,0,0,0
36751,0,0,0,0,1,0
36756,0,0,0,1,0,0
36767,0,0,0,1,0,0
36783,0,1,0,0,0,0
36786,0,0,0,1,0,0
36793,1,0,0,0,0,0
36803,0,1,0,0,0,0
36807,0,0,1,0,0,0
36808,0,0,0,1,0,0
36811,1,0,0,0,0,0
36820,1,0,0,0,0,0
36852,0,0,0,0,1,0
36861,0,0,0,0,0,1
36870,0,0,1,0,0,0
36872,0,1,0,0,0,0
36876,0,0,0,0,1,0
36886,0,1,0,0,0,0
36910,1,0,0,0,0,0
36913,1,0,0,0,0,0
36916,0,1,0,0,0,0
36952,1,0,0,0,0,0
36973,1,0,0,0,0,0
36990,1,0,0,0,0,0
36992,1,0,0,0,0,0
37029,0,1,0,0,0,0
37046,1,0,0,0,0,0
37057,0,0,1,0,0,0
37062,0,0,0,1,0,0
37070,1,0,0,0,0,0
37084,0,0,0,1,0,0
37103,1,0,0,0,0,0
37141,0,0,1,0,0,0
37157,1,0,0,0,0,0
37163,0,0,0,0,1,0
37173,0,1,0,0,0,0
37178,0,1,0,0,0,0
37185,0,0,1,0,0,0
37208,1,0,0,0,0,0
37215,0,0,0,1,0,0
37218,1,0,0,0,0,0
37220,1,0,0,0,0,0
37222,1,0,0,0,0,0
37231,0,0,1,0,0,0
37241,0,1,0,0,0,0
37242,1,0,0,0,0,0
37275,0,0,1,0,0,0
37279,0,1,0,0,0,0
37290,0,0,0,1,0,0
37316,1,0,0,0,0,0
37331,0,0,0,0,1,0
37342,0,0,0,0,1,0
37350,0,0,0,0,1,0
37370,1,0,0,0,0,0
37408,0,0,0,1,0,0
37427,0,0,1,0,0,0
37434,0,0,0,1,0,0
37437,0,0,0,1,0,0
37449,0,1,0,0,0,0
37462,0,0,0,1,0,0
37468,0,1,0,0,0,0
37480,1,0,0,0,0,0
37484,0,0,0,0,0,1
37489,1,0,0,0,0,0
37505,0,1,0,0,0,0
37511,0,1,0,0,0,0
37522,0,1,0,0,0,0
37528,0,0,0,0,1,0
37540,1,0,0,0,0,0
37543,1,0,0,0,0,0
37559,1,0,0,0,0,0
37572,0,1,0,0,0,0
37594,0,1,0,0,0,0
37601,0,1,0,0,0,0
37616,1,0,0,0,0,0
37622,1,0,0,0,0,0
37629,0,1,0,0,0,0
37659,1,0,0,0,0,0
37673,1,0,0,0,0,0
37676,1,0,0,0,0,0
37689,1,0,0,0,0,0
37690,1,0,0,0,0,0
37693,1,0,0,0,0,0
37703,0,1,0,0,0,0
37708,0,0,1,0,0,0
37719,1,0,0,0,0,0
37733,0,1,0,0,0,0
37735,0,0,0,1,0,0
37736,0,1,0,0,0,0
37751,0,0,1,0,0,0
37754,1,0,0,0,0,0
37761,0,0,0,0,1,0
37768,0,0,0,1,0,0
37774,1,0,0,0,0,0
37789,1,0,0,0,0,0
37798,0,0,1,0,0,0
37801,0,0,1,0,0,0
37802,0,0,0,0,1,0
37803,0,1,0,0,0,0
37804,0,1,0,0,0,0
37811,1,0,0,0,0,0
37828,1,0,0,0,0,0
37829,1,0,0,0,0,0
37832,1,0,0,0,0,0
37853,0,0,0,1,0,0
37865,0,0,1,0,0,0
37870,1,0,0,0,0,0
37886,0,0,0,0,1,0
37892,0,0,0,1,0,0
37902,0,0,0,1,0,0
37925,0,1,0,0,0,0
37926,1,0,0,0,0,0
37943,0,1,0,0,0,0
37949,0,0,0,1,0,0
37952,0,1,0,0,0,0
37955,0,1,0,0,0,0
37961,0,1,0,0,0,0
37963,1,0,0,0,0,0
38003,0,0,0,1,0,0
38004,0,1,0,0,0,0
38008,1,0,0,0,0,0
38010,0,1,0,0,0,0
38016,1,0,0,0,0,0
38024,1,0,0,0,0,0
38049,0,1,0,0,0,0
38052,0,0,0,0,0,1
38055,0,0,1,0,0,0
38058,1,0,0,0,0,0
38061,1,0,0,0,0,0
38073,1,0,0,0,0,0
38084,0,1,0,0,0,0
38095,1,0,0,0,0,0
38096,0,0,0,0,0,1
38102,0,0,0,0,0,1
38116,1,0,0,0,0,0
38117,1,0,0,0,0,0
38119,0,0,0,1,0,0
38132,1,0,0,0,0,0
38136,0,0,0,1,0,0
38138,0,1,0,0,0,0
38141,0,0,0,0,0,1
38181,1,0,0,0,0,0
38185,0,0,1,0,0,0
38199,0,1,0,0,0,0
38206,1,0,0,0,0,0
38216,0,0,1,0,0,0
38225,0,1,0,0,0,0
38233,0,1,0,0,0,0
38235,0,0,0,1,0,0
38237,0,1,0,0,0,0
38270,0,1,0,0,0,0
38291,1,0,0,0,0,0
38307,1,0,0,0,0,0
38313,1,0,0,0,0,0
38315,1,0,0,0,0,0
38325,0,0,0,0,0,1
38330,1,0,0,0,0,0
38332,1,0,0,0,0,0
38335,0,0,1,0,0,0
38342,0,0,0,1,0,0
38350,0,0,0,1,0,0
38361,1,0,0,0,0,0
38362,1,0,0,0,0,0
38371,1,0,0,0,0,0
38391,0,0,0,1,0,0
38423,0,1,0,0,0,0
38460,0,0,1,0,0,0
38462,0,0,1,0,0,0
38466,1,0,0,0,0,0
38469,0,0,1,0,0,0
38478,0,0,0,1,0,0
38482,1,0,0,0,0,0
38486,1,0,0,0,0,0
38492,0,0,0,1,0,0
38507,1,0,0,0,0,0
38519,1,0,0,0,0,0
38526,0,0,0,1,0,0
38532,0,0,0,0,0,1
38534,0,0,0,0,1,0
38538,1,0,0,0,0,0
38544,1,0,0,0,0,0
38546,0,0,0,1,0,0
38562,0,1,0,0,0,0
38576,0,1,0,0,0,0
38577,0,0,0,1,0,0
38592,1,0,0,0,0,0
38597,0,1,0,0,0,0
38601,1,0,0,0,0,0
38607,0,0,0,1,0,0
38627,1,0,0,0,0,0
38632,0,1,0,0,0,0
38637,0,0,0,0,1,0
38643,1,0,0,0,0,0
38644,1,0,0,0,0,0
38648,0,0,0,0,1,0
38649,1,0,0,0,0,0
38680,1,0,0,0,0,0
38686,1,0,0,0,0,0
38708,0,0,0,1,0,0
38741,1,0,0,0,0,0
38769,1,0,0,0,0,0
38807,1,0,0,0,0,0
38808,1,0,0,0,0,0
38809,0,1,0,0,0,0
38811,1,0,0,0,0,0
38817,0,0,0,1,0,0
38848,0,0,0,1,0,0
38850,0,1,0,0,0,0
38854,0,1,0,0,0,0
38894,0,1,0,0,0,0
38896,1,0,0,0,0,0
38900,1,0,0,0,0,0
38909,0,0,0,0,1,0
38919,0,0,0,0,1,0
38923,1,0,0,0,0,0
38924,0,0,0,0,1,0
38954,0,1,0,0,0,0
38955,0,0,1,0,0,0
38960,1,0,0,0,0,0
38962,0,1,0,0,0,0
38964,1,0,0,0,0,0
38973,0,1,0,0,0,0
38975,0,1,0,0,0,0
38979,1,0,0,0,0,0
38992,0,1,0,0,0,0
38994,1,0,0,0,0,0
39006,0,1,0,0,0,0
39007,0,0,0,1,0,0
39009,0,1,0,0,0,0
39014,1,0,0,0,0,0
39021,1,0,0,0,0,0
39022,0,1,0,0,0,0
39029,1,0,0,0,0,0
39052,1,0,0,0,0,0
39066,1,0,0,0,0,0
39073,0,0,1,0,0,0
39075,0,0,0,1,0,0
39091,1,0,0,0,0,0
39111,0,1,0,0,0,0
39114,1,0,0,0,0,0
39132,1,0,0,0,0,0
39145,0,1,0,0,0,0
39152,0,1,0,0,0,0
39159,1,0,0,0,0,0
39161,0,1,0,0,0,0
39163,0,0,1,0,0,0
39169,1,0,0,0,0,0
39180,1,0,0,0,0,0
39188,0,0,0,1,0,0
39204,1,0,0,0,0,0
39217,1,0,0,0,0,0
39232,1,0,0,0,0,0
39239,1,0,0,0,0,0
39242,0,1,0,0,0,0
39250,0,0,0,1,0,0
39261,1,0,0,0,0,0
39265,0,0,0,1,0,0
39278,0,0,1,0,0,0
39302,1,0,0,0,0,0
39307,1,0,0,0,0,0
39311,0,0,0,0,1,0
39331,1,0,0,0,0,0
39342,0,1,0,0,0,0
39369,1,0,0,0,0,0
39379,0,0,0,0,1,0
39400,0,1,0,0,0,0
39407,0,0,0,1,0,0
39419,0,0,0,1,0,0
39422,1,0,0,0,0,0
39430,1,0,0,0,0,0
39437,1,0,0,0,0,0
39444,1,0,0,0,0,0
39459,0,0,1,0,0,0
39465,0,0,0,0,1,0
39481,0,0,0,0,0,1
39483,1,0,0,0,0,0
39499,0,0,0,0,0,1
39502,0,0,1,0,0,0
39530,0,1,0,0,0,0
39546,1,0,0,0,0,0
39547,0,1,0,0,0,0
39549,0,0,1,0,0,0
39552,0,1,0,0,0,0
39554,1,0,0,0,0,0
39560,0,1,0,0,0,0
39614,0,0,1,0,0,0
39619,0,1,0,0,0,0
39622,1,0,0,0,0,0
39626,1,0,0,0,0,0
39637,1,0,0,0,0,0
39661,1,0,0,0,0,0
39680,0,0,1,0,0,0
39697,0,0,1,0,0,0
39700,1,0,0,0,0,0
39703,0,1,0,0,0,0
39704,0,0,1,0,0,0
39708,1,0,0,0,0,0
39743,1,0,0,0,0,0
39744,0,0,1,0,0,0
39749,0,1,0,0,0,0
39758,0,0,1,0,0,0
39759,0,1,0,0,0,0
39762,1,0,0,0,0,0
39766,0,1,0,0,0,0
39767,0,0,0,1,0,0
39768,0,0,1,0,0,0
39792,0,0,1,0,0,0
39795,1,0,0,0,0,0
39798,0,0,1,0,0,0
39802,0,0,0,0,0,1
39812,0,1,0,0,0,0
39813,1,0,0,0,0,0
39817,1,0,0,0,0,0
39820,0,0,0,1,0,0
39826,1,0,0,0,0,0
39832,0,0,0,0,1,0
39838,1,0,0,0,0,0
39860,1,0,0,0,0,0
39872,1,0,0,0,0,0
39885,1,0,0,0,0,0
39906,0,0,0,1,0,0
39914,0,1,0,0,0,0
39922,0,0,0,0,1,0
39933,1,0,0,0,0,0
39945,1,0,0,0,0,0
39977,0,0,0,1,0,0
40010,0,0,0,0,1,0
40016,1,0,0,0,0,0
40024,1,0,0,0,0,0
40031,0,1,0,0,0,0
40038,0,0,0,0,0,1
40052,0,1,0,0,0,0
40064,0,1,0,0,0,0
40080,0,1,0,0,0,0
40093,0,0,0,1,0,0
40094,0,0,1,0,0,0
40103,0,1,0,0,0,0
40108,1,0,0,0,0,0
40109,0,1,0,0,0,0
40116,0,0,0,0,1,0
40117,0,0,0,0,1,0
40119,0,0,0,1,0,0
40132,0,0,0,0,1,0
40134,0,0,0,1,0,0
40148,0,0,0,1,0,0
40150,0,0,0,1,0,0
40176,1,0,0,0,0,0
40192,1,0,0,0,0,0
40203,1,0,0,0,0,0
40225,0,1,0,0,0,0
40231,0,0,1,0,0,0
40234,0,1,0,0,0,0
40239,1,0,0,0,0,0
40240,0,1,0,0,0,0
40246,0,1,0,0,0,0
40269,0,1,0,0,0,0
40277,0,1,0,0,0,0
40293,0,0,0,1,0,0
40299,1,0,0,0,0,0
40307,0,0,1,0,0,0
40322,1,0,0,0,0,0
40342,0,1,0,0,0,0
40360,0,1,0,0,0,0
40371,0,1,0,0,0,0
40381,0,0,0,1,0,0
40391,1,0,0,0,0,0
40414,0,1,0,0,0,0
40422,0,1,0,0,0,0
40426,0,0,0,0,1,0
40441,0,1,0,0,0,0
40444,0,1,0,0,0,0
40445,0,0,1,0,0,0
40453,0,0,1,0,0,0
40455,0,0,1,0,0,0
40469,1,0,0,0,0,0
40480,0,0,1,0,0,0
40496,0,0,1,0,0,0
40535,1,0,0,0,0,0
40546,1,0,0,0,0,0
40557,0,0,0,0,1,0
40572,0,0,0,0,0,1
40579,0,1,0,0,0,0
40582,1,0,0,0,0,0
40600,0,0,0,0,1,0
40621,1,0,0,0,0,0
40628,1,0,0,0,0,0
40632,1,0,0,0,0,0
40635,1,0,0,0,0,0
40641,0,1,0,0,0,0
40642,0,1,0,0,0,0
40645,0,0,0,0,1,0
40647,1,0,0,0,0,0
40665,1,0,0,0,0,0
40671,0,0,0,1,0,0
40673,1,0,0,0,0,0
40693,1,0,0,0,0,0
40716,1,0,0,0,0,0
40730,1,0,0,0,0,0
40735,1,0,0,0,0,0
40765,0,1,0,0,0,0
40774,0,0,0,0,1,0
40781,1,0,0,0,0,0
40785,0,0,0,1,0,0
40790,0,0,0,1,0,0
40798,0,0,0,1,0,0
40814,0,0,1,0,0,0
40817,1,0,0,0,0,0
40822,0,0,0,0,1,0
40824,1,0,0,0,0,0
40826,1,0,0,0,0,0
40827,0,1,0,0,0,0
40829,1,0,0,0,0,0
40851,0,1,0,0,0,0
40867,0,0,0,1,0,0
40873,0,0,0,1,0,0
40875,0,0,0,1,0,0
40876,1,0,0,0,0,0
40885,0,0,0,1,0,0
40893,1,0,0,0,0,0
40895,0,0,1,0,0,0
40900,1,0,0,0,0,0
40913,1,0,0,0,0,0
40926,0,1,0,0,0,0
40935,0,1,0,0,0,0
40954,0,1,0,0,0,0
40958,0,1,0,0,0,0
40963,0,0,0,0,1,0
40981,1,0,0,0,0,0
40983,0,1,0,0,0,0
40984,0,0,0,0,0,1
40996,0,0,0,0,1,0
41003,1,0,0,0,0,0
41019,0,0,1,0,0,0
41036,0,1,0,0,0,0
41039,0,1,0,0,0,0
41043,0,1,0,0,0,0
41058,0,0,0,1,0,0
41097,1,0,0,0,0,0
41122,1,0,0,0,0,0
41124,0,0,0,1,0,0
41126,1,0,0,0,0,0
41139,0,0,1,0,0,0
41149,1,0,0,0,0,0
41154,0,1,0,0,0,0
41181,0,0,0,0,0,1
41204,1,0,0,0,0,0
41208,1,0,0,0,0,0
41212,0,0,1,0,0,0
41217,0,0,0,0,1,0
41219,0,0,1,0,0,0
41225,1,0,0,0,0,0
41233,0,0,0,0,0,1
41247,1,0,0,0,0,0
41263,0,1,0,0,0,0
41266,0,0,0,0,1,0
41270,1,0,0,0,0,0
41273,0,0,0,1,0,0
41288,0,1,0,0,0,0
41295,0,0,1,0,0,0
41297,1,0,0,0,0,0
41302,0,1,0,0,0,0
41303,0,0,1,0,0,0
41308,1,0,0,0,0,0
41313,1,0,0,0,0,0
41320,0,1,0,0,0,0
41329,1,0,0,0,0,0
41331,0,1,0,0,0,0
41345,0,1,0,0,0,0
41348,0,0,0,1,0,0
41354,1,0,0,0,0,0
41356,1,0,0,0,0,0
41374,1,0,0,0,0,0
41388,0,1,0,0,0,0
41400,1,0,0,0,0,0
41416,0,1,0,0,0,0
41420,1,0,0,0,0,0
41421,1,0,0,0,0,0
41433,0,1,0,0,0,0
41465,1,0,0,0,0,0
41477,0,0,0,0,1,0
41484,0,1,0,0,0,0
41499,1,0,0,0,0,0
41502,0,1,0,0,0,0
41503,0,1,0,0,0,0
41509,0,0,0,1,0,0
41513,0,0,0,1,0,0
41523,0,0,0,1,0,0
41542,0,1,0,0,0,0
41543,0,1,0,0,0,0
41551,0,0,0,0,0,1
41563,0,0,0,1,0,0
41575,0,0,0,1,0,0
41579,0,0,0,1,0,0
41606,0,0,1,0,0,0
41622,0,1,0,0,0,0
41637,0,0,0,0,0,1
41641,0,1,0,0,0,0
41644,1,0,0,0,0,0
41649,0,1,0,0,0,0
41653,0,1,0,0,0,0
41659,0,1,0,0,0,0
41663,0,0,0,0,1,0
41695,1,0,0,0,0,0
41716,0,1,0,0,0,0
41722,0,0,1,0,0,0
41723,0,1,0,0,0,0
41726,0,1,0,0,0,0
41728,1,0,0,0,0,0
41737,1,0,0,0,0,0
41741,0,1,0,0,0,0
41752,1,0,0,0,0,0
41759,0,0,0,0,1,0
41768,0,1,0,0,0,0
41771,0,1,0,0,0,0
41780,0,0,0,0,1,0
41790,1,0,0,0,0,0
41802,1,0,0,0,0,0
41815,0,0,0,1,0,0
41839,0,0,0,1,0,0
41848,1,0,0,0,0,0
41874,1,0,0,0,0,0
41904,0,0,0,1,0,0
41908,1,0,0,0,0,0
41917,1,0,0,0,0,0
41920,0,0,1,0,0,0
41942,0,1,0,0,0,0
41945,1,0,0,0,0,0
41947,0,0,0,1,0,0
41963,0,1,0,0,0,0
41964,0,0,0,0,1,0
41971,1,0,0,0,0,0
41972,0,0,0,0,1,0
41986,0,0,0,0,1,0
41994,0,1,0,0,0,0
41995,0,0,0,1,0,0
42000,0,1,0,0,0,0
42009,0,0,0,1,0,0
42049,0,0,0,1,0,0
42055,1,0,0,0,0,0
42077,1,0,0,0,0,0
42078,0,0,0,1,0,0
42085,0,1,0,0,0,0
42092,1,0,0,0,0,0
42093,0,0,0,1,0,0
42100,1,0,0,0,0,0
42117,0,0,1,0,0,0
42140,0,0,0,0,0,1
42161,1,0,0,0,0,0
42166,0,1,0,0,0,0
42172,0,0,0,1,0,0
42189,1,0,0,0,0,0
42192,1,0,0,0,0,0
42197,1,0,0,0,0,0
42212,0,0,0,1,0,0
42214,1,0,0,0,0,0
42215,0,0,1,0,0,0
42216,1,0,0,0,0,0
42232,1,0,0,0,0,0
42254,0,0,0,1,0,0
42261,0,0,1,0,0,0
42267,0,1,0,0,0,0
42276,1,0,0,0,0,0
42305,1,0,0,0,0,0
42326,1,0,0,0,0,0
42343,0,1,0,0,0,0
42347,0,0,0,0,1,0
42358,1,0,0,0,0,0
42384,0,1,0,0,0,0
42390,0,1,0,0,0,0
42420,1,0,0,0,0,0
42423,0,0,0,0,1,0
42434,1,0,0,0,0,0
42442,0,1,0,0,0,0
42452,0,0,1,0,0,0
42453,0,0,0,1,0,0
42459,1,0,0,0,0,0
42464,0,0,0,1,0,0
42486,1,0,0,0,0,0
42529,0,0,0,1,0,0
42533,0,0,1,0,0,0
42551,0,0,1,0,0,0
42585,1,0,0,0,0,0
42603,1,0,0,0,0,0
42609,0,0,0,1,0,0
42616,1,0,0,0,0,0
42622,0,1,0,0,0,0
42643,1,0,0,0,0,0
42653,0,0,0,0,0,1
42669,1,0,0,0,0,0
42674,0,0,0,0,1,0
42676,1,0,0,0,0,0
42690,0,0,0,1,0,0
42692,0,1,0,0,0,0
42707,1,0,0,0,0,0
42708,0,1,0,0,0,0
42711,1,0,0,0,0,0
42723,0,0,0,0,1,0
42726,1,0,0,0,0,0
42744,1,0,0,0,0,0
42764,1,0,0,0,0,0
42787,0,1,0,0,0,0
42789,0,1,0,0,0,0
42795,0,1,0,0,0,0
42808,0,1,0,0,0,0
42811,1,0,0,0,0,0
42837,1,0,0,0,0,0
42840,1,0,0,0,0,0
42844,1,0,0,0,0,0
42850,0,1,0,0,0,0
42857,1,0,0,0,0,0
42864,0,0,0,1,0,0
42867,0,0,0,1,0,0
42887,1,0,0,0,0,0
42893,0,0,1,0,0,0
42908,1,0,0,0,0,0
42912,0,1,0,0,0,0
42919,1,0,0,0,0,0
42922,0,0,0,1,0,0
42935,0,1,0,0,0,0
42942,0,0,0,1,0,0
42955,1,0,0,0,0,0
42980,0,0,1,0,0,0
42990,0,0,0,0,1,0
42997,0,0,0,0,1,0
43003,0,1,0,0,0,0
43004,0,0,0,1,0,0
43011,0,0,0,1,0,0
43017,0,0,0,1,0,0
43020,1,0,0,0,0,0
43025,1,0,0,0,0,0
43035,1,0,0,0,0,0
43040,1,0,0,0,0,0
43054,1,0,0,0,0,0
43060,1,0,0,0,0,0
43087,1,0,0,0,0,0
43089,1,0,0,0,0,0
43096,1,0,0,0,0,0
43100,1,0,0,0,0,0
43104,1,0,0,0,0,0
43106,0,0,0,0,0,1
43126,1,0,0,0,0,0
43133,0,1,0,0,0,0
43140,0,0,1,0,0,0
43156,1,0,0,0,0,0
43157,0,1,0,0,0,0
43158,0,0,1,0,0,0
43172,1,0,0,0,0,0
43187,1,0,0,0,0,0
43203,0,0,1,0,0,0
43206,1,0,0,0,0,0
43207,1,0,0,0,0,0
43214,1,0,0,0,0,0
43221,0,0,0,1,0,0
43229,1,0,0,0,0,0
43233,1,0,0,0,0,0
43240,1,0,0,0,0,0
43245,0,0,0,0,1,0
43257,0,1,0,0,0,0
43276,1,0,0,0,0,0
43278,0,1,0,0,0,0
43299,0,0,1,0,0,0
43316,0,1,0,0,0,0
43335,0,0,0,1,0,0
43346,1,0,0,0,0,0
43356,0,0,0,1,0,0
43360,1,0,0,0,0,0
43361,0,0,0,0,0,1
43368,0,0,0,0,1,0
43370,1,0,0,0,0,0
43372,0,0,0,0,1,0
43376,1,0,0,0,0,0
43394,0,1,0,0,0,0
43447,1,0,0,0,0,0
43451,0,0,1,0,0,0
43452,1,0,0,0,0,0
43458,0,0,1,0,0,0
43467,1,0,0,0,0,0
43478,0,1,0,0,0,0
43479,0,1,0,0,0,0
43492,1,0,0,0,0,0
43498,0,0,1,0,0,0
43525,1,0,0,0,0,0
43527,0,0,1,0,0,0
43541,1,0,0,0,0,0
43588,0,1,0,0,0,0
43589,0,0,0,1,0,0
43590,0,1,0,0,0,0
43595,1,0,0,0,0,0
43597,0,1,0,0,0,0
43598,0,1,0,0,0,0
43611,0,0,1,0,0,0
43620,0,0,0,1,0,0
43629,0,0,0,0,1,0
43639,0,1,0,0,0,0
43647,0,0,0,0,1,0
43649,1,0,0,0,0,0
43654,0,1,0,0,0,0
43658,1,0,0,0,0,0
43666,0,1,0,0,0,0
43683,0,1,0,0,0,0
43692,0,0,0,0,1,0
43694,0,0,1,0,0,0
43696,0,0,1,0,0,0
43699,0,0,0,0,1,0
43727,0,0,1,0,0,0
43728,1,0,0,0,0,0
43733,1,0,0,0,0,0
43741,0,1,0,0,0,0
43743,1,0,0,0,0,0
43768,0,0,0,1,0,0
43775,0,0,0,1,0,0
43777,1,0,0,0,0,0
43784,0,1,0,0,0,0
43788,1,0,0,0,0,0
43789,1,0,0,0,0,0
43790,0,1,0,0,0,0
43792,0,0,0,1,0,0
43796,1,0,0,0,0,0
43800,0,0,0,0,1,0
43808,1,0,0,0,0,0
43814,0,0,0,1,0,0
43824,1,0,0,0,0,0
43826,1,0,0,0,0,0
43827,1,0,0,0,0,0
43836,0,0,0,0,1,0
43872,0,1,0,0,0,0
43875,1,0,0,0,0,0
43879,0,1,0,0,0,0
43885,1,0,0,0,0,0
43905,0,0,0,0,1,0
43915,0,1,0,0,0,0
43949,0,0,1,0,0,0
43954,1,0,0,0,0,0
43963,1,0,0,0,0,0
43966,0,0,1,0,0,0
43973,0,0,0,0,1,0
43995,1,0,0,0,0,0
44005,1,0,0,0,0,0
44012,1,0,0,0,0,0
44025,1,0,0,0,0,0
44038,1,0,0,0,0,0
44058,0,1,0,0,0,0
44063,0,0,0,1,0,0
44067,1,0,0,0,0,0
44077,1,0,0,0,0,0
44080,0,1,0,0,0,0
44103,1,0,0,0,0,0
44106,1,0,0,0,0,0
44113,0,0,1,0,0,0
44134,0,0,1,0,0,0
44154,0,1,0,0,0,0
44177,1,0,0,0,0,0
44180,1,0,0,0,0,0
44232,0,0,1,0,0,0
44236,0,0,0,0,0,1
44238,1,0,0,0,0,0
44242,1,0,0,0,0,0
44257,1,0,0,0,0,0
44260,1,0,0,0,0,0
44291,1,0,0,0,0,0
44300,1,0,0,0,0,0
44308,1,0,0,0,0,0
44332,0,0,0,1,0,0
44337,1,0,0,0,0,0
44350,1,0,0,0,0,0
44377,1,0,0,0,0,0
44381,1,0,0,0,0,0
44384,1,0,0,0,0,0
44386,1,0,0,0,0,0
44396,0,1,0,0,0,0
44400,0,0,0,0,1,0
44406,0,0,0,1,0,0
44462,1,0,0,0,0,0
44484,0,1,0,0,0,0
44485,0,0,0,1,0,0
44508,1,0,0,0,0,0
44521,0,1,0,0,0,0
44531,0,0,1,0,0,0
44532,1,0,0,0,0,0
44556,1,0,0,0,0,0
44563,0,0,0,0,1,0
44564,0,1,0,0,0,0
44567,0,0,1,0,0,0
44568,0,0,1,0,0,0
44573,1,0,0,0,0,0
44578,0,0,1,0,0,0
44584,0,0,0,1,0,0
44592,0,1,0,0,0,0
44596,1,0,0,0,0,0
44628,1,0,0,0,0,0
44631,1,0,0,0,0,0
44638,0,0,1,0,0,0
44648,0,0,1,0,0,0
44664,1,0,0,0,0,0
44666,0,1,0,0,0,0
44669,0,1,0,0,0,0
44670,0,1,0,0,0,0
44691,0,0,0,1,0,0
44694,1,0,0,0,0,0
44709,0,1,0,0,0,0
44722,0,0,0,1,0,0
44725,0,1,0,0,0,0
44726,0,1,0,0,0,0
44736,1,0,0,0,0,0
44757,0,0,0,0,1,0
44759,0,1,0,0,0,0
44761,0,0,0,0,0,1
44768,0,1,0,0,0,0
44785,1,0,0,0,0,0
44803,0,0,0,0,1,0
44816,1,0,0,0,0,0
44820,0,0,1,0,0,0
44843,1,0,0,0,0,0
44880,0,1,0,0,0,0
44888,0,0,1,0,0,0
44896,0,1,0,0,0,0
44899,1,0,0,0,0,0
44907,0,0,0,0,1,0
44922,1,0,0,0,0,0
44943,0,0,1,0,0,0
44950,0,0,0,0,1,0
44951,1,0,0,0,0,0
44957,0,0,1,0,0,0
44964,0,0,0,0,1,0
44972,0,0,0,1,0,0
44998,1,0,0,0,0,0
45017,1,0,0,0,0,0
45018,0,0,0,0,0,1
45024,1,0,0,0,0,0
45028,1,0,0,0,0,0
45030,1,0,0,0,0,0
45036,0,1,0,0,0,0
45050,1,0,0,0,0,0
45060,0,0,1,0,0,0
45076,1,0,0,0,0,0
45086,1,0,0,0,0,0
45095,1,0,0,0,0,0
45105,0,0,1,0,0,0
45113,1,0,0,0,0,0
45119,0,0,1,0,0,0
45136,0,0,1,0,0,0
45155,1,0,0,0,0,0
45157,0,1,0,0,0,0
45159,0,1,0,0,0,0
45161,0,1,0,0,0,0
45172,0,0,1,0,0,0
45174,1,0,0,0,0,0
45188,0,0,0,1,0,0
45205,0,0,0,0,1,0
45245,0,0,0,1,0,0
45265,0,1,0,0,0,0
45272,0,1,0,0,0,0
45276,0,0,1,0,0,0
45280,0,0,0,1,0,0
45282,0,1,0,0,0,0
45292,0,0,0,1,0,0
45300,1,0,0,0,0,0
45303,0,0,0,1,0,0
45342,1,0,0,0,0,0
45349,1,0,0,0,0,0
45354,1,0,0,0,0,0
45361,0,1,0,0,0,0
45367,0,1,0,0,0,0
45371,1,0,0,0,0,0
45396,1,0,0,0,0,0
45401,0,1,0,0,0,0
45418,1,0,0,0,0,0
45441,0,0,0,0,1,0
45456,1,0,0,0,0,0
45463,1,0,0,0,0,0
45486,1,0,0,0,0,0
45497,1,0,0,0,0,0
45511,1,0,0,0,0,0
45526,0,0,0,1,0,0
45529,1,0,0,0,0,0
45551,0,0,1,0,0,0
45557,0,0,0,0,1,0
45562,1,0,0,0,0,0
45563,0,0,0,1,0,0
45564,0,1,0,0,0,0
45571,0,0,0,0,0,1
45572,0,0,0,1,0,0
45580,0,0,1,0,0,0
45592,0,0,1,0,0,0
45595,1,0,0,0,0,0
45606,0,0,0,1,0,0
45607,0,0,1,0,0,0
45614,0,1,0,0,0,0
45630,1,0,0,0,0,0
45633,0,0,1,0,0,0
45634,1,0,0,0,0,0
45654,1,0,0,0,0,0
45681,1,0,0,0,0,0
45695,0,0,0,0,1,0
45718,0,0,0,0,1,0
45725,1,0,0,0,0,0
45738,0,0,1,0,0,0
45746,0,0,0,1,0,0
45755,1,0,0,0,0,0
45760,1,0,0,0,0,0
45765,1,0,0,0,0,0
45774,0,0,0,1,0,0
45788,1,0,0,0,0,0
45793,1,0,0,0,0,0
45829,0,0,1,0,0,0
45850,0,0,0,0,1,0
45853,1,0,0,0,0,0
45864,0,0,0,0,1,0
45871,1,0,0,0,0,0
45873,1,0,0,0,0,0
45883,1,0,0,0,0,0
45887,0,1,0,0,0,0
45893,0,1,0,0,0,0
45928,0,0,0,1,0,0
45929,0,1,0,0,0,0
45942,0,1,0,0,0,0
45953,1,0,0,0,0,0
45961,0,0,0,1,0,0
45986,1,0,0,0,0,0
45987,1,0,0,0,0,0
45990,0,0,0,1,0,0
45993,0,0,1,0,0,0
46000,1,0,0,0,0,0
46001,0,0,1,0,0,0
46023,0,0,0,1,0,0
46033,0,1,0,0,0,0
46036,0,0,0,0,0,1
46043,1,0,0,0,0,0
46046,1,0,0,0,0,0
46115,0,1,0,0,0,0
46117,1,0,0,0,0,0
46122,1,0,0,0,0,0
46136,1,0,0,0,0,0
46140,1,0,0,0,0,0
46152,1,0,0,0,0,0
46156,0,0,1,0,0,0
46160,0,0,1,0,0,0
46175,1,0,0,0,0,0
46189,0,0,1,0,0,0
46195,1,0,0,0,0,0
46205,0,1,0,0,0,0
46207,0,0,0,0,1,0
46208,0,0,1,0,0,0
46227,0,0,0,0,1,0
46246,1,0,0,0,0,0
46251,1,0,0,0,0,0
46262,0,0,0,0,1,0
46278,0,1,0,0,0,0
46284,1,0,0,0,0,0
46294,1,0,0,0,0,0
46297,1,0,0,0,0,0
46299,1,0,0,0,0,0
46324,1,0,0,0,0,0
46361,0,1,0,0,0,0
46399,0,0,1,0,0,0
46402,1,0,0,0,0,0
46403,0,0,0,0,0,1
46415,0,0,0,0,1,0
46460,0,1,0,0,0,0
46471,0,1,0,0,0,0
46495,0,0,0,1,0,0
46502,0,0,0,0,0,1
46504,1,0,0,0,0,0
46511,1,0,0,0,0,0
46535,0,1,0,0,0,0
46548,1,0,0,0,0,0
46590,1,0,0,0,0,0
46596,0,0,0,0,1,0
46601,0,0,0,0,1,0
46602,0,1,0,0,0,0
46607,1,0,0,0,0,0
46610,0,1,0,0,0,0
46614,0,1,0,0,0,0
46616,1,0,0,0,0,0
46627,0,0,0,0,1,0
46630,0,0,0,1,0,0
46649,1,0,0,0,0,0
46673,0,0,0,1,0,0
46681,1,0,0,0,0,0
46687,0,0,0,0,1,0
46690,0,1,0,0,0,0
46703,1,0,0,0,0,0
46707,0,1,0,0,0,0
46718,0,1,0,0,0,0
46725,0,0,0,1,0,0
46727,1,0,0,0,0,0
46734,0,1,0,0,0,0
46742,1,0,0,0,0,0
46751,0,0,0,1,0,0
46759,1,0,0,0,0,0
46765,0,1,0,0,0,0
46775,0,1,0,0,0,0
46778,0,1,0,0,0,0
46787,1,0,0,0,0,0
46792,0,0,0,0,1,0
46812,1,0,0,0,0,0
46831,1,0,0,0,0,0
46836,0,0,0,0,0,1
46839,0,0,0,1,0,0
46862,0,1,0,0,0,0
46869,1,0,0,0,0,0
46890,1,0,0,0,0,0
46891,1,0,0,0,0,0
46892,0,0,0,1,0,0
46896,1,0,0,0,0,0
46901,1,0,0,0,0,0
46903,1,0,0,0,0,0
46909,1,0,0,0,0,0
46910,1,0,0,0,0,0
46917,0,1,0,0,0,0
46920,1,0,0,0,0,0
46942,0,1,0,0,0,0
46950,1,0,0,0,0,0
46967,1,0,0,0,0,0
46968,1,0,0,0,0,0
46970,1,0,0,0,0,0
46984,0,1,0,0,0,0
47006,0,1,0,0,0,0
47009,1,0,0,0,0,0
47013,0,1,0,0,0,0
47014,0,0,0,0,1,0
47015,0,1,0,0,0,0
47017,0,1,0,0,0,0
47031,1,0,0,0,0,0
47063,1,0,0,0,0,0
47087,1,0,0,0,0,0
47095,1,0,0,0,0,0
47097,0,1,0,0,0,0
47098,0,0,1,0,0,0
47114,1,0,0,0,0,0
47117,1,0,0,0,0,0
47130,0,0,1,0,0,0
47131,1,0,0,0,0,0
47152,0,1,0,0,0,0
47192,1,0,0,0,0,0
47203,1,0,0,0,0,0
47208,1,0,0,0,0,0
47213,1,0,0,0,0,0
47220,0,1,0,0,0,0
47258,0,1,0,0,0,0
47259,1,0,0,0,0,0
47264,1,0,0,0,0,0
47275,0,0,0,1,0,0
47299,1,0,0,0,0,0
47301,0,0,1,0,0,0
47302,1,0,0,0,0,0
47312,1,0,0,0,0,0
47325,1,0,0,0,0,0
47333,0,1,0,0,0,0
47334,0,1,0,0,0,0
47341,1,0,0,0,0,0
47374,1,0,0,0,0,0
47389,0,0,1,0,0,0
47392,1,0,0,0,0,0
47405,0,0,0,0,0,1
47411,0,1,0,0,0,0
47433,1,0,0,0,0,0
47451,0,0,0,1,0,0
47463,0,0,1,0,0,0
47496,0,0,1,0,0,0
47504,0,1,0,0,0,0
47514,1,0,0,0,0,0
47516,1,0,0,0,0,0
47531,0,1,0,0,0,0
47551,1,0,0,0,0,0
47554,0,0,0,1,0,0
47568,0,0,0,0,1,0
47597,0,0,0,0,1,0
47610,1,0,0,0,0,0
47617,0,0,0,1,0,0
47620,1,0,0,0,0,0
47644,1,0,0,0,0,0
47653,1,0,0,0,0,0
47657,0,1,0,0,0,0
47677,0,0,0,0,1,0
47681,1,0,0,0,0,0
47684,1,0,0,0,0,0
47690,0,0,0,1,0,0
47697,1,0,0,0,0,0
47699,0,0,1,0,0,0
47721,0,0,1,0,0,0
47729,0,0,0,0,1,0
47737,1,0,0,0,0,0
47740,1,0,0,0,0,0
47756,1,0,0,0,0,0
47768,1,0,0,0,0,0
47774,0,0,1,0,0,0
47784,0,1,0,0,0,0
47785,1,0,0,0,0,0
47790,0,1,0,0,0,0
47805,0,0,0,0,1,0
47806,0,1,0,0,0,0
47813,0,0,0,0,0,1
47837,1,0,0,0,0,0
47849,0,1,0,0,0,0
47858,0,0,1,0,0,0
47865,0,0,0,1,0,0
47868,1,0,0,0,0,0
47883,0,0,0,0,0,1
47886,1,0,0,0,0,0
47887,0,0,0,1,0,0
47910,1,0,0,0,0,0
47916,0,0,0,0,1,0
47926,0,0,0,0,1,0
47931,1,0,0,0,0,0
47942,0,0,0,0,0,1
47971,0,1,0,0,0,0
47972,0,0,0,0,0,1
47997,0,0,0,0,0,1
48003,0,0,0,0,0,1
48010,0,0,0,1,0,0
48016,0,1,0,0,0,0
48025,1,0,0,0,0,0
48027,0,0,0,0,1,0
48031,0,1,0,0,0,0
48036,0,1,0,0,0,0
48051,0,1,0,0,0,0
48053,0,0,0,0,0,1
48060,1,0,0,0,0,0
48066,0,0,0,0,0,1
48068,1,0,0,0,0,0
48075,1,0,0,0,0,0
48085,0,0,1,0,0,0
48089,0,1,0,0,0,0
48092,1,0,0,0,0,0
48133,0,0,0,0,1,0
48171,1,0,0,0,0,0
48188,0,0,0,0,1,0
48194,0,0,0,0,1,0
48197,0,1,0,0,0,0
48246,0,0,0,1,0,0
48255,0,0,0,1,0,0
48274,0,1,0,0,0,0
48277,0,1,0,0,0,0
48278,0,1,0,0,0,0
48287,0,1,0,0,0,0
48292,1,0,0,0,0,0
48310,0,1,0,0,0,0
48311,0,0,0,1,0,0
48316,1,0,0,0,0,0
48320,0,0,0,0,0,1
48337,0,0,0,0,0,1
48341,0,1,0,0,0,0
48345,0,0,0,0,1,0
48356,0,0,0,1,0,0
48384,0,1,0,0,0,0
48388,0,0,0,1,0,0
48402,0,0,0,0,0,1
48403,1,0,0,0,0,0
48409,1,0,0,0,0,0
48412,1,0,0,0,0,0
48417,1,0,0,0,0,0
48420,1,0,0,0,0,0
48421,0,1,0,0,0,0
48422,0,0,0,0,1,0
48430,0,0,1,0,0,0
48440,0,0,1,0,0,0
48447,1,0,0,0,0,0
48460,0,1,0,0,0,0
48484,0,1,0,0,0,0
48489,1,0,0,0,0,0
48499,0,1,0,0,0,0
48500,0,1,0,0,0,0
48503,0,0,1,0,0,0
48506,0,0,0,0,0,1
48518,1,0,0,0,0,0
48519,0,1,0,0,0,0
48529,0,0,0,1,0,0
48541,0,1,0,0,0,0
48549,0,0,0,0,1,0
48553,0,0,0,0,0,1
48556,0,0,0,1,0,0
48563,0,0,0,0,1,0
48578,0,1,0,0,0,0
48580,0,1,0,0,0,0
48581,1,0,0,0,0,0
48582,0,0,1,0,0,0
48586,0,0,1,0,0,0
48633,1,0,0,0,0,0
48641,1,0,0,0,0,0
48650,1,0,0,0,0,0
48660,1,0,0,0,0,0
48664,1,0,0,0,0,0
48669,1,0,0,0,0,0
48672,1,0,0,0,0,0
48682,0,1,0,0,0,0
48688,1,0,0,0,0,0
48691,0,1,0,0,0,0
48692,1,0,0,0,0,0
48698,0,1,0,0,0,0
48702,0,0,0,0,1,0
48703,0,1,0,0,0,0
48704,0,1,0,0,0,0
48715,0,0,0,0,1,0
48719,1,0,0,0,0,0
48720,0,0,1,0,0,0
48733,1,0,0,0,0,0
48737,1,0,0,0,0,0
48754,0,0,1,0,0,0
48756,1,0,0,0,0,0
48766,0,0,0,0,1,0
48773,1,0,0,0,0,0
48789,0,0,0,1,0,0
48796,1,0,0,0,0,0
48801,0,0,0,1,0,0
48825,1,0,0,0,0,0
48827,1,0,0,0,0,0
48832,0,1,0,0,0,0
48857,0,0,1,0,0,0
48865,0,1,0,0,0,0
48869,0,0,0,1,0,0
48884,1,0,0,0,0,0
48887,0,0,0,1,0,0
48895,0,1,0,0,0,0
48905,1,0,0,0,0,0
48909,1,0,0,0,0,0
48911,0,0,0,0,1,0
48922,0,0,0,1,0,0
48949,0,0,0,1,0,0
48967,1,0,0,0,0,0
48969,1,0,0,0,0,0
48980,0,1,0,0,0,0
48981,0,0,0,0,0,1
49002,0,0,1,0,0,0
49009,0,0,1,0,0,0
49022,0,1,0,0,0,0
49038,1,0,0,0,0,0
49041,1,0,0,0,0,0
49046,1,0,0,0,0,0
49056,1,0,0,0,0,0
49073,0,0,0,1,0,0
49080,0,0,0,1,0,0
49094,0,1,0,0,0,0
49107,1,0,0,0,0,0
49141,0,1,0,0,0,0
49153,1,0,0,0,0,0
49169,0,1,0,0,0,0
49184,0,0,0,0,0,1
49186,0,0,0,0,1,0
49187,0,1,0,0,0,0
49188,1,0,0,0,0,0
49210,0,1,0,0,0,0
49213,1,0,0,0,0,0
49214,1,0,0,0,0,0
49230,0,0,0,1,0,0
49283,0,0,0,1,0,0
49345,0,1,0,0,0,0
49348,1,0,0,0,0,0
49357,1,0,0,0,0,0
49371,1,0,0,0,0,0
49385,0,1,0,0,0,0
49394,1,0,0,0,0,0
49395,0,1,0,0,0,0
49401,1,0,0,0,0,0
49404,0,1,0,0,0,0
49405,0,0,1,0,0,0
49408,1,0,0,0,0,0
49434,0,0,0,0,1,0
49440,0,1,0,0,0,0
49457,0,1,0,0,0,0
49465,1,0,0,0,0,0
49466,1,0,0,0,0,0
49467,0,0,0,0,1,0
49472,1,0,0,0,0,0
49485,1,0,0,0,0,0
49486,0,1,0,0,0,0
49488,0,0,0,0,1,0
49515,1,0,0,0,0,0
49526,0,1,0,0,0,0
49550,0,0,0,0,1,0
49572,0,1,0,0,0,0
49581,1,0,0,0,0,0
49587,1,0,0,0,0,0
49597,1,0,0,0,0,0
49618,1,0,0,0,0,0
49619,1,0,0,0,0,0
49634,0,0,0,0,0,1
49647,0,1,0,0,0,0
49654,0,1,0,0,0,0
49669,0,1,0,0,0,0
49675,1,0,0,0,0,0
49689,0,0,0,1,0,0
49701,0,1,0,0,0,0
49711,1,0,0,0,0,0
49724,1,0,0,0,0,0
49728,0,1,0,0,0,0
49791,1,0,0,0,0,0
49803,0,1,0,0,0,0
49829,1,0,0,0,0,0
49835,0,0,0,0,1,0
49837,0,0,0,1,0,0
49881,1,0,0,0,0,0
49883,0,1,0,0,0,0
49890,0,0,0,1,0,0
49897,0,1,0,0,0,0
49904,0,1,0,0,0,0
49909,1,0,0,0,0,0
49925,1,0,0,0,0,0
49944,1,0,0,0,0,0
49955,1,0,0,0,0,0
49958,1,0,0,0,0,0
49959,1,0,0,0,0,0
49961,0,0,0,1,0,0
49967,1,0,0,0,0,0
49998,0,1,0,0,0,0
